,Predicted_Waveform,Waveform,Index,Match,Magnitude,Depth,Distance to Epicenter,Azimuthal Gap,Root Mean Square
0,mb,ml,0,False,2.3,2.94,0.02489,91.0,0.07
1,mb,ml,1,False,0.4,9.2,0.03063,189.0,0.68
2,mb,md,2,False,0.39,2.333,0.04028,110.0,0.0
3,mb,ml,3,False,1.2,8.0,0.01968,133.0,0.41
4,mb,md,4,False,0.56,10.806,0.2183,244.0,0.08
5,mb,md,5,False,1.8,14.6,0.027139999999999997,114.7,0.46
6,mb,ml,6,False,1.05,3.48,0.01351,132.0,0.12
7,mb,ml,7,False,2.13,3.5239999999999996,0.09168,115.0,0.15
8,mb,ml,8,False,4.1,10.0,0.033889999999999997,216.0,0.41
9,mb,md,9,False,0.36,6.976,0.01261,35.0,0.05
10,mb,md,10,False,0.38,0.584,0.01081,91.0,0.03
11,ml,ml,11,True,1.53,10.503,0.059660000000000005,39.0,0.1
12,mb,ml,12,False,1.93,12.865,0.02793,109.6,0.14
13,mb,ml,13,False,1.3,10.2,0.1288,107.5,0.47
14,mb,md,14,False,0.55,3.4739999999999998,0.1045,87.3,0.06
15,mb,ml,15,False,0.82,0.474,0.009009,108.0,0.06
16,mb,ml,16,False,4.6,52.1,0.1684,95.0,0.95
17,ml,ml,17,True,4.3,11.9,0.02342,294.0,0.52
18,mb,mb,18,True,1.4,112.2,0.1505,86.1,0.43
19,mb,md,19,False,4.5,17.7,0.01892,138.0,0.73
20,mb,ml,20,False,1.6,31.4,0.301,106.0,0.56
21,mb,ml,21,False,1.7,25.4,0.1536,183.0,0.71
22,mb,md,22,False,0.63,12.847000000000001,0.07207000000000001,44.7,0.08
23,mb,mb,23,True,4.8,10.0,0.006306,237.0,0.72
24,mb,md,24,False,0.43,3.792,0.217,65.0,0.01
25,mb,ml,25,False,1.4,76.5,0.02793,163.0,0.3
26,mb,ml,26,False,1.4,24.5,0.03746,72.0,0.61
27,mb,ml,27,False,4.3,3.7,0.003604,139.0,0.72
28,mb,mb,28,True,0.79,3.1010000000000004,0.05045,323.34,0.02
29,mb,mb,29,True,0.95,9.821,0.03583,201.7,0.11
30,mb,md,30,False,0.42,1.669,0.009909999999999999,235.0,0.05
31,mb,ml,31,False,4.5,8.6,0.1276,95.0,0.36
32,mb,ml,32,False,1.4,127.5,0.1175,115.0,0.19
33,mb,ml,33,False,2.37,5.9239999999999995,0.1991,132.91,0.17
34,mb,ml,34,False,1.16,10.286,0.02642,32.0,0.25
35,mb,mb,35,True,1.19,3.9610000000000003,0.03291,180.0,0.65
36,mb,ml,36,False,0.8,10.8,0.03229,65.0,0.88
37,mb,md,37,False,1.4,14.2,0.2258,176.0,0.07
38,mb,ml,38,False,0.85,2.309,0.1483,106.0,0.85
39,ml,md,39,False,0.8,2.6,0.008108,60.0,0.94
40,mb,md,40,False,4.6,10.0,0.2025,274.0,0.1691
41,mb,ml,41,False,1.1,15.0,0.02228,279.0,0.06
42,mb,md,42,False,2.7,12.9,0.1967,174.0,0.19
43,mb,mwr,43,False,2.18,4.919,0.1037,106.0,0.03
44,mb,ml,44,False,2.39,6.952999999999999,0.09994,141.0,0.127
45,mb,mb,45,True,0.75,0.53,0.1887,62.0,0.07
46,mb,ml,46,False,0.4,8.2,0.1126,182.0,0.13
47,mb,md,47,False,1.86,7.801,0.002703,241.0,0.06
48,mb,ml,48,False,0.79,17.028,0.1069,66.0,0.02
49,mb,ml,49,False,0.42,2.9139999999999997,0.2367,38.0,0.22
50,mb,ml,50,False,1.18,14.002,0.08198,290.0,0.86
51,ml,md,51,False,0.33,2.06,0.426,87.0,0.04
52,mb,mh,52,False,3.7,146.1,0.1188,248.0,0.23
53,mb,ml,53,False,0.89,1.6740000000000002,0.007206999999999999,94.8,0.34
54,mb,md,54,False,2.09,6.159,0.009009,247.0,0.25
55,ml,ml,55,True,2.29,6.057,0.007206999999999999,123.0,0.1
56,mb,md,56,False,2.88,7.165,0.04865,241.0,0.07
57,ml,ml,57,True,0.88,14.97,0.03609,186.7,0.12
58,mb,md,58,False,0.25,14.3,0.005405,76.3,0.27
59,mb,ml,59,False,1.47,14.657,0.01441,138.0,0.27
60,mb,ml,60,False,3.86,1.375,0.009009,159.3,0.39
61,mb,mwc,61,False,2.13,6.986000000000001,0.311,267.1,0.03
62,mb,ml,62,False,2.2,114.1,0.025509999999999998,49.0,0.2
63,mb,md,63,False,0.39,2.761,0.01261,141.0,0.15
64,mb,ml,64,False,4.9,145.0,0.0059759999999999995,250.1,0.27
65,mb,md,65,False,2.1,5.855,0.007206999999999999,36.7,0.91
66,mb,ml,66,False,1.35,8.082,0.042339999999999996,184.0,0.11
67,mb,ml,67,False,2.33,6.215,0.659,90.0,0.06
68,mb,ml,68,False,4.7,10.0,0.1101,238.21,0.23
69,ml,ml,69,True,1.8,2.543,0.009909999999999999,268.0,0.75
70,mb,mb,70,True,1.21,6.984,0.003604,254.9,0.8
71,mb,ml,71,False,3.07,0.031,0.005405,84.0,0.03
72,mb,mb,72,True,4.0,38.8,0.003604,69.0,1.21
73,ml,md,73,False,4.5,10.0,0.02145,213.9,0.36
74,mb,ml,74,False,0.85,4.931,0.0045049999999999995,175.0,0.06
75,ml,mwc,75,False,4.5,10.0,0.2234,64.3,0.13
76,mb,md,76,False,1.5,19.3,0.524,260.9,0.98
77,mb,ml,77,False,2.7,32.9,0.11,244.3,0.37
78,mb,ml,78,False,0.23,0.6940000000000001,0.544,138.0,0.15
79,mb,m,79,False,1.31,10.051,0.006306,68.1,0.16
80,mb,mwc,80,False,2.7,12.3,0.024319999999999998,120.0,0.1495
81,mb,ml,81,False,5.5,10.0,0.193,105.3,0.35
82,ml,ml,82,True,1.5,60.6,0.005405,35.0,0.55
83,mb,mb,83,True,3.58,0.795,0.2047,136.0,0.18
84,mb,ml,84,False,1.79,10.744000000000002,0.001802,71.0,0.84
85,mb,md,85,False,1.9,4.3,0.003604,128.1,0.03
86,mb,mh,86,False,1.6,92.1,0.04414,345.95,0.06
87,mb,mh,87,False,2.0,91.8,0.1107,196.0,0.53
88,mb,ml,88,False,1.58,4.345,0.1052,119.0,0.02
89,mb,mh,89,False,2.8,26.4,0.01712,96.2,0.78
90,ml,ml,90,True,2.7,179.6,0.02613,98.5,0.5
91,ml,md,91,False,0.43,1.173,0.009909999999999999,105.0,0.78
92,mb,mh,92,False,0.93,0.564,0.498,103.0,0.66
93,mb,md,93,False,0.5,10.3,0.01712,87.0,0.28
94,mb,mb,94,True,3.0,9.5,0.006306,188.0,0.53
95,mb,md,95,False,0.47,2.082,0.03694,275.0,0.06
96,mb,ml,96,False,4.9,10.0,0.09983,99.0,1.34
97,mb,ml,97,False,3.0,56.2,0.042339999999999996,68.0,0.15
98,mb,ml,98,False,1.5,68.2,0.1362,110.0,0.77
99,mb,ml,99,False,1.2,10.8,0.01081,76.0,0.06
100,mb,mwc,100,False,1.2,1.9,0.011909999999999999,131.0,0.05
101,mb,md,101,False,1.4,29.5,0.109,255.1,0.06
102,mb,ml,102,False,3.3,19.7,0.1033,51.0,0.39
103,mb,md,103,False,2.2,32.5,0.209,227.0,0.0271
104,ml,md,104,False,0.55,1.84,0.1159,297.22,0.07
105,mb,ml,105,False,4.8,10.0,0.028130000000000002,159.94,0.03
106,mb,ml,106,False,0.28,1.443,0.019819999999999997,317.29,0.43
107,mb,ml,107,False,4.6,10.0,0.1813,112.0,0.3
108,mb,md,108,False,2.06,2.6660000000000004,0.01441,252.0,0.71
109,ml,md,109,False,0.37,1.0659999999999998,0.061,245.9,0.06
110,mb,md,110,False,0.48,0.68,0.042339999999999996,179.53,0.01
111,mb,ml,111,False,2.6,6.1,0.015319999999999999,68.0,0.05
112,mb,md,112,False,0.5,2.9,0.01351,72.0,0.19
113,mb,ml,113,False,1.0,12.1,0.06306,135.3,0.13
114,mb,mb,114,True,0.14,2.307,0.1779,288.3,0.03
115,mb,mwc,115,False,0.19,1.1,0.01441,212.0,0.56
116,mb,ml,116,False,4.5,10.0,0.0045049999999999995,58.0,0.47
117,mb,mh,117,False,2.0,127.7,0.175,177.7,0.05
118,mb,ml,118,False,4.6,10.0,0.003604,292.0,0.03
119,mb,ml,119,False,0.7,3.7430000000000003,0.023190000000000002,67.0,0.04
120,mb,ml,120,False,0.28,1.84,0.005405,147.0,0.11
121,ml,ml,121,True,1.86,10.549000000000001,0.006306,68.0,0.45
122,mb,ml,122,False,2.64,14.919,0.009909999999999999,223.8,0.06
123,mb,ml,123,False,1.34,2.718,0.02468,179.0,0.39
124,mb,md,124,False,0.28,0.57,0.038060000000000004,37.0,0.18
125,mb,mb,125,True,1.4,8.2,0.1166,300.32,0.1602
126,mb,mb,126,True,2.4,32.3,0.009909999999999999,209.0,0.7
127,mb,ml,127,False,0.85,1.625,0.009009,64.0,0.1854
128,mb,md,128,False,0.43,0.604,0.01821,139.0,0.34
129,mb,ml,129,False,0.9,2.044,0.006306,223.0,0.6262
130,mb,md,130,False,0.9,6.818,0.08756,43.0,0.07
131,mb,md,131,False,2.2,44.9,0.006306,80.0,0.01
132,mb,ml,132,False,3.2,25.5,0.1807,127.0,0.61
133,mb,ml,133,False,0.57,1.9609999999999999,0.2708,84.0,0.1639
134,mb,ml,134,False,1.6,65.6,0.01081,97.5,0.07
135,mb,ml,135,False,1.84,30.335,0.01351,125.0,0.1
136,mb,mwc,136,False,1.0,0.0,0.01261,145.0,0.41
137,mb,mb,137,True,2.3,9.9,0.034230000000000003,76.1,1.37
138,mb,ml,138,False,1.7,12.4,0.02072,125.5,0.02
139,mb,mwc,139,False,1.5,116.4,0.09418,245.2,0.53
140,mb,md,140,False,2.6,0.0,0.1125,198.1,0.06
141,mb,ml,141,False,0.8,1.766,0.009009,89.0,0.48
142,mb,ml,142,False,0.14,0.326,0.01441,201.9,0.54
143,mb,md,143,False,2.7,50.6,0.002703,108.3,0.07
144,mb,md,144,False,2.4,25.8,0.06305,135.0,0.17
145,mb,mb,145,True,1.2,12.5,0.01171,69.0,0.68
146,mb,mwr,146,False,0.48,2.786,0.008108,184.0,0.13
147,mb,md,147,False,1.56,3.5439999999999996,0.01171,127.0,0.09
148,mb,ml,148,False,1.9,131.5,0.0696,78.0,0.07
149,ml,md,149,False,4.4,35.0,0.09279,101.7,0.01
150,mb,mb,150,True,2.6,42.2,0.01081,122.5,0.07
151,ml,ml,151,True,0.65,1.893,0.01646,124.3,0.0913
152,mb,md,152,False,2.2,19.9,0.02529,172.6,0.02
153,mb,mb,153,True,0.36,2.156,0.02342,161.0,0.57
154,mb,ml,154,False,4.0,55.7,0.02445,116.0,0.08
155,mb,md,155,False,2.2,12.0,0.1146,72.0,0.02
156,mb,mwc,156,False,2.2,26.0,0.009009,160.0,0.1
157,mb,ml,157,False,0.99,7.2170000000000005,0.02077,244.0,0.08
158,mb,mb,158,True,2.35,9.821,0.007206999999999999,82.0,0.34
159,mb,mb,159,True,1.4,5.0,0.01261,34.0,0.19
160,mb,mwr,160,False,1.06,9.55,0.0165,143.0,0.04
161,mb,md,161,False,1.4,85.0,0.005405,124.0,0.1
162,mb,mb,162,True,0.68,1.311,0.0045049999999999995,251.29,0.63
163,mb,mb,163,True,3.2,23.2,0.1195,58.0,0.17
164,mb,mb,164,True,0.88,1.146,0.009009,69.0,0.06
165,mb,ml,165,False,1.75,1.4340000000000002,0.01623,45.0,0.59
166,mb,md,166,False,1.5,15.3,0.1486,109.0,1.21
167,mb,ml,167,False,0.58,3.2089999999999996,0.01441,89.0,1.03
168,mb,m,168,False,1.8,55.4,0.01171,124.0,0.69
169,mb,md,169,False,0.85,1.27,0.009909999999999999,69.0,0.12
170,mb,md,170,False,0.88,4.178999999999999,0.009909999999999999,73.0,0.16
171,mb,ml,171,False,2.27,3.353,0.008108,111.0,0.39
172,mb,ml,172,False,2.22,7.446000000000001,0.009009,105.9,1.27
173,mb,ml,173,False,1.8,64.2,0.014969999999999999,235.9,0.95
174,mb,md,174,False,1.13,2.22,0.3987,158.0,0.14
175,mb,md,175,False,0.55,0.141,0.262,76.0,0.47
176,mb,ml,176,False,0.68,10.269,0.523,122.1,0.35
177,mb,mb,177,True,4.5,10.0,0.01351,110.0,0.35
178,mb,md,178,False,1.41,10.35,0.04054,214.0,0.11
179,mb,md,179,False,0.44,3.35,0.007206999999999999,114.8,0.05
180,ml,ml,180,True,1.8,26.6,0.1352,36.0,0.09
181,mb,mh,181,False,5.1,10.0,0.1205,108.0,0.34
182,mb,ml,182,False,4.1,10.0,0.0145,48.0,0.06
183,mb,md,183,False,0.6,7.7,0.04324,246.0,0.1284
184,ml,mb,184,False,2.6,65.4,0.04324,278.0,0.59
185,mb,mb,185,True,3.2,9.1,0.1666,323.0,0.59
186,mb,ml,186,False,1.3,127.3,0.239,81.3,0.08
187,mb,ml,187,False,1.89,2.485,0.009009,155.0,0.79
188,mb,mb,188,True,1.6,75.8,0.11900000000000001,92.0,0.02
189,mb,mb,189,True,4.4,10.0,0.191,90.0,0.07
190,ml,md,190,False,4.7,10.0,0.002703,67.3,0.06
191,mb,ml,191,False,1.18,4.76,0.05631,63.2,0.11
192,mb,md,192,False,1.6,57.7,0.0515,85.1,0.12
193,ml,mb,193,False,1.5,73.5,0.019819999999999997,51.0,0.06
194,ml,md,194,False,2.1,51.2,0.04685,105.8,0.64
195,mb,md,195,False,2.3,4.11,0.02532,118.0,0.06
196,mb,ml,196,False,0.52,2.406,0.009009,92.0,1.01
197,mb,mb,197,True,1.21,1.239,0.02301,77.9,1.11
198,mb,ml,198,False,1.5,83.7,0.02513,65.0,0.1164
199,mb,md,199,False,0.55,0.237,0.0009009,79.2,0.05
200,mb,ml,200,False,0.5,8.0,0.09287999999999999,163.4,0.09
201,mb,ml,201,False,2.3,25.3,0.015319999999999999,66.0,0.04
202,mb,ml,202,False,1.3,5.0,0.07207000000000001,54.0,0.42
203,mb,ml,203,False,3.4,36.0,0.01622,62.0,0.04
204,mb,ml,204,False,2.0,59.0,0.057999999999999996,71.0,0.1
205,ml,md,205,False,4.7,7.6,0.01171,197.0,0.03
206,mb,ml,206,False,4.1,35.0,0.009009,45.0,0.09
207,mb,ml,207,False,0.7,3.407,0.02793,163.0,0.17
208,mb,mb,208,True,0.38,0.847,0.005405,79.0,0.17
209,mb,md,209,False,0.92,0.5670000000000001,0.006306,44.1,1.14
210,mb,ml,210,False,0.59,6.974,0.006306,195.0,0.82
211,mb,ml,211,False,2.25,11.856,0.0009009,190.8,0.04
212,mb,mb,212,True,0.51,1.858,0.009009,73.0,0.58
213,mb,ml,213,False,1.6,98.2,0.001802,176.0,0.04
214,mb,ml,214,False,1.76,1.544,0.01622,218.0,1.35
215,mb,ml,215,False,4.3,10.0,0.0313,153.2,0.57
216,mb,md,216,False,4.6,10.0,0.006306,167.0,0.09
217,mb,mb,217,True,1.3,9.5,0.009909999999999999,141.7,0.1
218,mb,md,218,False,0.57,1.695,0.01171,78.0,0.65
219,ml,ml,219,True,2.3,2.8,0.06396,56.0,0.06
220,ml,md,220,False,0.82,1.469,0.003604,59.0,0.14
221,mb,mb,221,True,1.8,25.6,0.2294,192.3,0.04
222,mb,mb,222,True,0.86,1.6280000000000001,0.01892,85.8,0.11
223,mb,md,223,False,4.2,146.5,0.001802,207.4,0.04
224,ml,mb,224,False,1.8,115.0,0.0964,110.0,0.65
225,mb,mb,225,True,0.56,0.904,0.1334,50.0,0.16
226,mb,md,226,False,2.1,3.5,0.015319999999999999,109.0,1.09
227,mb,md,227,False,2.3,2.05,0.009909999999999999,148.4,0.04
228,mb,md,228,False,1.37,9.097999999999999,0.003604,102.5,0.03
229,mb,mb,229,True,5.0,35.0,0.02973,88.0,0.03
230,mb,ml,230,False,4.1,20.0,0.006306,208.0,0.69
231,mb,ml,231,False,1.1,9.1,0.04664,86.0,0.68
232,mb,mb,232,True,0.51,3.361,0.04595,214.6,0.8
233,mb,md,233,False,3.5,73.1,0.04822,119.0,0.06
234,ml,mb,234,False,0.89,3.307,0.007206999999999999,157.0,0.73
235,mb,ml,235,False,4.2,107.7,0.0427,127.0,0.04
236,mb,mwr,236,False,1.6,20.2,0.003604,155.8,0.09
237,mb,mb,237,True,0.69,15.189,0.5712,241.0,0.83
238,mb,ml,238,False,1.57,30.14,0.1727,111.2,0.2
239,mb,mb,239,True,4.3,10.0,0.07117000000000001,70.0,0.89
240,mb,md,240,False,1.85,1.444,0.02528,121.0,1.2
241,mb,mwc,241,False,0.94,2.53,0.01712,215.4,0.06
242,mb,ml,242,False,0.16,0.7440000000000001,0.3089,194.8,0.1
243,mb,mh,243,False,2.2,5.778,0.04541,54.0,0.07
244,mb,ml,244,False,0.99,4.913,0.005405,80.0,0.59
245,mb,ml,245,False,0.8,10.2,0.003604,58.6,0.13
246,mb,md,246,False,2.8,14.505999999999998,0.2141,78.0,0.03
247,mb,ml,247,False,5.0,20.2,0.1505,28.5,0.07
248,mb,ml,248,False,0.56,3.699,0.1676,63.0,0.03
249,mb,md,249,False,0.66,3.138,0.05856,108.0,0.16
250,mb,mb,250,True,0.55,2.88,0.1147,71.0,1.05
251,ml,mb,251,False,4.4,10.0,0.0328,121.8,0.34
252,mb,mb,252,True,1.3,10.1,0.2099,265.0,0.16
253,mb,md,253,False,4.9,10.0,0.1755,293.13,0.81
254,mb,mb,254,True,4.1,9.5,0.07459,95.8,0.01
255,mb,mb,255,True,1.67,7.087000000000001,0.08598,92.0,0.13
256,ml,md,256,False,4.3,10.0,0.008108,240.36,0.19
257,mb,ml,257,False,0.51,2.042,0.172,175.0,0.92
258,mb,ml,258,False,1.16,5.267,0.01171,84.0,0.43
259,mb,ml,259,False,5.0,190.1,0.009009,74.0,0.02
260,mb,mb,260,True,1.86,7.781000000000001,0.26,74.6,1.26
261,mb,md,261,False,4.6,33.8,0.009909999999999999,67.0,0.07
262,mb,mwr,262,False,4.3,10.0,0.07297000000000001,26.9,0.19
263,mb,md,263,False,0.43,0.705,0.09279,64.0,0.05
264,mb,mb,264,True,0.54,6.077999999999999,0.006306,75.0,1.35
265,mb,mb,265,True,1.06,2.303,0.36700000000000005,67.0,0.44
266,mb,mb,266,True,5.0,58.1,0.382,51.0,1.15
267,mb,ml,267,False,1.09,11.708,0.01712,46.0,1.26
268,mb,mb,268,True,0.07,4.603,0.05244,238.0,0.13
269,mb,md,269,False,2.09,0.835,0.0598,116.6,0.4
270,mb,mb,270,True,0.51,2.5839999999999996,0.1251,199.9,0.07
271,mb,mb,271,True,1.21,7.905,0.03707,159.29,0.07
272,mb,ml,272,False,4.8,10.0,0.004379999999999999,172.5,1.19
273,ml,ml,273,True,1.2,86.3,0.2358,114.4,1.23
274,mb,mb,274,True,1.45,11.274000000000001,0.009909999999999999,102.0,0.11
275,mb,md,275,False,4.1,10.0,0.165,166.0,0.03
276,ml,md,276,False,0.43,0.9390000000000001,0.05856,156.33,0.01
277,mb,ml,277,False,1.45,5.523,0.003604,177.8,0.41
278,mb,mb,278,True,0.4,4.257,0.09211,32.0,0.05
279,mb,ml,279,False,4.6,10.0,0.1106,185.0,0.04
280,mb,mb,280,True,1.8,94.9,0.1043,100.0,0.17
281,mb,ml,281,False,0.57,0.815,0.1088,124.0,0.55
282,mb,mb,282,True,4.5,10.0,0.1346,66.7,1.42
283,mb,mwc,283,False,0.69,0.243,0.009009,73.0,0.19
284,mb,md,284,False,3.8,4.394,0.009009,64.0,1.05
285,mb,mb,285,True,0.62,0.635,0.1212,25.0,0.29
286,mb,ml,286,False,4.5,10.0,0.04262,112.7,0.06
287,mb,mwr,287,False,1.3,12.8,0.01712,68.0,0.38
288,mb,mb,288,True,2.7,5.0,0.015319999999999999,81.0,0.47
289,mb,md,289,False,4.8,10.0,0.1599,148.0,0.98
290,mb,md,290,False,1.01,15.835999999999999,0.2309,100.0,1.43
291,ml,mb,291,False,2.5,4.4,0.009009,142.0,0.76
292,mb,md,292,False,1.33,2.352,0.2319,72.0,0.06
293,mb,ml,293,False,0.81,1.806,0.01171,95.0,0.07
294,mb,mb,294,True,4.5,10.0,0.01081,62.1,0.91
295,mb,mb,295,True,5.0,58.5,0.0045049999999999995,110.6,0.07
296,mb,mb,296,True,1.73,5.609,0.05495,236.5,1.2
297,mb,ml,297,False,0.49,2.1919999999999997,0.02613,65.4,0.06
298,mb,mb,298,True,0.96,1.926,0.1664,108.0,0.09
299,mb,mb,299,True,4.1,109.0,0.1782,65.6,0.16
300,mb,ml,300,False,1.3,14.5,0.1892,43.2,0.77
301,mb,mb,301,True,0.9,14.395,0.2246,63.0,0.94
302,mb,mb,302,True,0.88,0.28,0.1261,131.0,0.28
303,ml,mb,303,False,1.2,2.877,0.05586,129.9,0.14
304,mb,mb,304,True,1.4,45.2,0.2242,122.1,0.1655
305,mb,mb,305,True,4.3,10.0,0.0045049999999999995,128.38,0.7
306,mb,mb,306,True,2.52,11.894,0.022000000000000002,87.0,0.15
307,mb,md,307,False,4.6,10.0,0.01261,98.0,0.09
308,mb,mb,308,True,2.2,70.3,0.1513,93.0,0.2223
309,mb,mb,309,True,1.32,1.296,0.02252,61.0,0.02
310,mb,mb,310,True,1.7,5.2,0.005405,63.0,0.5
311,mb,md,311,False,1.0,15.5,0.2311,78.0,0.09
312,ml,ml,312,True,4.5,10.0,0.1893,124.0,0.05
313,mb,mb,313,True,4.2,10.0,0.008108,124.0,0.87
314,mb,ml,314,False,1.4,0.4,0.01171,66.0,0.04
315,mb,md,315,False,1.28,1.5930000000000002,0.02613,97.0,1.06
316,mb,ml,316,False,1.48,2.24,0.1407,76.2,0.65
317,mb,ml,317,False,4.3,10.0,0.1712,41.0,0.18
318,mb,ml,318,False,1.32,1.8019999999999998,0.1583,73.0,0.46
319,mb,md,319,False,5.6,10.0,0.003604,71.0,0.71
320,mb,ml,320,False,0.46,1.254,0.0045049999999999995,43.0,0.1
321,mb,ml,321,False,0.56,1.439,0.1333,47.0,0.53
322,mb,ml,322,False,1.63,1.92,0.007206999999999999,76.4,0.04
323,mb,ml,323,False,1.8,9.6,0.022330000000000003,73.9,0.08
324,mb,ml,324,False,4.5,117.4,0.06467,238.0,0.98
325,mb,ml,325,False,2.1,25.7,0.001802,75.0,0.2
326,mb,md,326,False,2.5,13.429,0.1205,20.9,0.3
327,mb,mb,327,True,1.1,18.3,0.172,308.0,0.65
328,mb,mwc,328,False,3.9,10.0,0.005405,228.0,0.58
329,mb,ml,329,False,0.3,14.2,0.121,120.0,0.75
330,mb,ml,330,False,2.93,7.603,0.11599999999999999,42.0,0.44
331,mb,ml,331,False,1.3,0.4,0.07117000000000001,300.0,0.0872
332,mb,md,332,False,0.43,2.411,0.09404,45.0,0.65
333,ml,ml,333,True,2.2,92.8,0.03784,86.8,0.75
334,mb,md,334,False,1.75,2.9,0.0009009,176.0,0.02
335,mb,ml,335,False,0.49,2.929,0.01892,115.0,0.0485
336,mb,md,336,False,4.1,10.0,0.01081,74.0,0.68
337,mb,md,337,False,1.56,1.431,0.01441,48.0,0.1157
338,mb,md,338,False,3.8,5.0,0.01171,111.0,0.09
339,mb,md,339,False,0.8,9.2,0.09055,57.0,0.06
340,mb,md,340,False,1.65,0.84,0.071,216.1,0.33
341,mb,md,341,False,1.9,122.9,0.03243,52.0,0.43
342,mb,md,342,False,1.6,2.4,0.09369,78.0,0.14
343,mb,md,343,False,0.87,2.456,0.09243,213.0,1.0
344,mb,ml,344,False,1.6,74.3,0.08108,118.0,0.03
345,mb,ml,345,False,0.91,6.987,0.08467999999999999,184.0,0.11
346,ml,ml,346,True,2.11,7.026,0.027030000000000002,290.0,1.32
347,mb,ml,347,False,5.5,56.8,0.1044,103.0,0.46
348,mb,mb,348,True,2.46,5.879,0.08559,97.6,0.63
349,mb,md,349,False,2.0,69.4,0.01441,129.0,0.2
350,mb,ml,350,False,4.4,10.0,0.009909999999999999,207.9,0.72
351,mb,md,351,False,1.3,4.0,0.039,141.0,0.02
352,mb,md,352,False,4.3,10.0,0.1402,153.0,0.71
353,mb,ml,353,False,1.8,71.3,0.005405,261.0,0.66
354,mb,ml,354,False,0.7,8.7,0.1545,111.0,0.04
355,mb,mb,355,True,4.3,33.1,0.09547,161.0,0.09
356,mb,ml,356,False,4.0,10.0,0.2853,115.5,1.42
357,mb,ml,357,False,4.4,61.7,0.07998,110.8,0.06
358,mb,ml,358,False,0.53,0.215,0.01171,125.0,0.05
359,mb,md,359,False,1.0,6.1,0.05315,296.0,1.03
360,mb,ml,360,False,1.4,10.4,0.01081,52.0,0.1
361,mb,ml,361,False,1.2,9.3,0.01261,121.0,1.1
362,mb,md,362,False,1.18,1.067,0.1197,79.0,0.05
363,mb,ml,363,False,0.5,2.946,0.01171,151.0,0.71
364,mb,mb,364,True,3.6,15.995,0.1435,85.8,0.62
365,mb,ml,365,False,1.9,116.7,0.04775,185.3,0.06
366,mb,md,366,False,1.04,14.344000000000001,0.007206999999999999,114.0,0.01
367,mb,md,367,False,5.0,10.0,0.1473,35.9,0.56
368,mb,ml,368,False,0.62,2.662,0.1575,184.0,1.05
369,mb,ml,369,False,1.33,5.254,0.01351,252.0,0.43
370,mb,ml,370,False,5.0,5.0,0.005405,77.1,0.56
371,mb,md,371,False,4.3,35.4,0.007206999999999999,162.2,0.37
372,mb,ml,372,False,2.1,110.9,0.2234,110.0,1.32
373,mb,ml,373,False,1.8,12.6,0.01622,70.0,0.1008
374,mb,ml,374,False,1.68,8.18,0.009009,119.0,0.02
375,mb,ml,375,False,0.6,13.5,0.09837,82.3,0.04
376,mb,ml,376,False,0.45,1.883,0.086,96.9,0.03
377,mb,ml,377,False,2.1,34.0,0.030019999999999998,75.0,0.06
378,mb,ml,378,False,2.1,9.5,0.055,98.0,0.04
379,mb,md,379,False,2.0,3.18,0.015319999999999999,70.0,0.06
380,mb,ml,380,False,2.2,3.54,0.009909999999999999,104.0,0.55
381,mb,ml,381,False,4.2,10.0,0.019819999999999997,37.0,0.02
382,mb,ml,382,False,0.8,1.675,0.007206999999999999,71.0,0.04
383,mb,ml,383,False,0.5,3.917,0.0045049999999999995,92.0,0.71
384,mb,md,384,False,5.2,28.6,0.009909999999999999,215.52,0.06
385,mb,ml,385,False,1.5,22.4,0.1755,129.6,0.01
386,mb,md,386,False,4.3,10.0,0.008108,193.8,0.41
387,mb,md,387,False,4.1,5.0,0.005405,95.0,0.78
388,mb,ml,388,False,5.3,10.0,0.008108,122.0,0.2
389,mb,ml,389,False,0.47,1.923,0.1595,115.0,0.02
390,mb,md,390,False,4.4,10.0,0.042339999999999996,139.8,0.03
391,mb,ml,391,False,5.2,38.8,0.008,131.0,0.37
392,mb,ml,392,False,0.99,9.564,0.1757,78.0,0.06
393,mb,ml,393,False,0.43,1.8980000000000001,0.2214,243.86,0.15
394,mb,ml,394,False,1.4,14.9,0.01261,81.0,0.6
395,mb,md,395,False,4.3,10.0,0.1486,237.0,0.05
396,mb,md,396,False,0.9,16.4,0.015319999999999999,96.0,0.76
397,mb,ml,397,False,1.4,102.0,0.01261,39.8,1.34
398,mb,ml,398,False,1.4,128.1,0.2141,97.0,0.01
399,ml,mb,399,False,4.6,35.0,0.1567,181.0,0.11
400,ml,mb,400,False,1.5,6.8,0.015319999999999999,325.0,0.03
401,mb,md,401,False,0.39,1.264,0.1856,210.0,0.01
402,mb,mb,402,True,0.94,2.119,0.1514,118.0,0.05
403,mb,ml,403,False,0.68,1.849,0.01171,299.0,0.14
404,mb,ml,404,False,1.28,0.5720000000000001,0.01261,251.8,0.06
405,mb,md,405,False,0.87,1.1840000000000002,0.0045049999999999995,233.6,0.54
406,mb,ml,406,False,0.67,1.102,0.02162,68.0,0.67
407,mb,ml,407,False,2.1,103.2,0.01187,295.7,0.14
408,mb,md,408,False,0.76,1.976,0.092,78.6,0.6
409,mb,md,409,False,0.42,1.5959999999999999,0.1453,96.0,0.08
410,mb,ml,410,False,1.3,13.3,0.06733,79.4,1.1
411,mb,mb,411,True,1.09,2.786,0.007206999999999999,165.0,0.08
412,mb,md,412,False,0.95,0.634,0.0196,182.0,0.05
413,mb,md,413,False,2.1,69.3,0.01202,204.0,0.15
414,mb,mb,414,True,4.2,10.0,0.032889999999999996,198.0,0.04
415,mb,ml,415,False,2.0,1.493,0.027000000000000003,114.0,0.1
416,mb,md,416,False,0.15,0.042,0.01892,240.0,0.57
417,ml,md,417,False,0.88,1.93,0.007206999999999999,58.0,0.81
418,ml,md,418,False,0.9,6.4,0.01035,171.3,0.1
419,mb,ml,419,False,1.25,2.43,0.004078,250.3,0.47
420,mb,ml,420,False,0.1,10.3,0.06652000000000001,66.0,0.32
421,mb,md,421,False,0.8,6.9,0.06495,62.2,0.12
422,mb,md,422,False,1.09,9.504,0.01351,261.0,0.06
423,mb,ml,423,False,4.4,10.0,0.01712,243.0,0.51
424,mb,ml,424,False,4.5,10.0,0.018019999999999998,255.5,0.38
425,mb,md,425,False,0.1,1.605,0.05827,81.0,0.06
426,mb,mb,426,True,1.7,1.83,0.1468,79.0,0.68
427,mb,ml,427,False,4.0,5.0,0.009909999999999999,96.0,0.17
428,ml,ml,428,True,0.49,4.63,0.054979999999999994,49.0,0.02
429,mb,md,429,False,0.32,1.127,0.003604,78.5,0.11
430,mb,ml,430,False,1.5,7.401,0.015319999999999999,243.0,0.3
431,mb,ml,431,False,2.23,5.572,0.1667,99.8,0.37
432,mb,md,432,False,0.46,2.358,0.217,294.0,0.18
433,mb,ml,433,False,1.3,2.8,0.06841,205.6,0.07
434,mb,ml,434,False,1.2,4.3,0.261,150.4,1.18
435,mb,md,435,False,0.8,14.2,0.003604,246.0,0.06
436,mb,md,436,False,1.3,7.0,0.01081,132.0,1.43
437,mb,md,437,False,1.95,4.523,0.006217,240.5,0.01
438,mb,md,438,False,5.0,543.0,0.008953000000000001,75.0,0.64
439,mb,ml,439,False,0.53,1.405,0.01551,96.0,0.55
440,mb,ml,440,False,0.98,1.18,0.004697,79.0,0.16
441,mb,ml,441,False,1.1,9.404,0.015319999999999999,147.0,0.13
442,ml,ml,442,True,0.87,0.8009999999999999,0.1197,86.0,0.01
443,mb,ml,443,False,0.98,8.992,0.030680000000000002,49.0,0.95
444,mb,ml,444,False,1.7,99.5,0.007248999999999999,81.0,0.53
445,mb,ml,445,False,1.6,15.0,0.007781000000000001,146.8,0.05
446,mb,mb,446,True,1.37,7.287000000000001,0.08739,167.0,0.12
447,mb,ml,447,False,4.2,10.0,0.147,116.0,1.13
448,mb,md,448,False,2.4,25.8,0.011000000000000001,120.0,0.4
449,mb,ml,449,False,1.59,7.774,0.07244,275.0,0.35
450,mb,md,450,False,1.06,2.949,0.13,246.0,0.27
451,mb,md,451,False,1.3,9.1,0.00146,270.4,0.04
452,mb,ml,452,False,1.1,20.0,0.0419,247.0,1.04
453,mb,ml,453,False,0.91,13.089,0.1563,53.6,0.72
454,mb,ml,454,False,1.5,75.8,0.1623,246.0,0.15
455,mb,ml,455,False,0.9,4.0,0.008108,145.0,0.97
456,mb,ml,456,False,0.43,1.626,0.10099999999999999,52.2,0.19
457,ml,ml,457,True,1.43,4.891,0.078,80.0,0.15
458,mb,ml,458,False,0.5,12.3,0.009909999999999999,20.2,0.63
459,mb,ml,459,False,1.3,101.4,0.03063,252.0,0.38
460,mb,ml,460,False,2.2,11.949000000000002,0.02396,128.0,1.15
461,mb,md,461,False,1.33,6.38,0.0014210000000000002,123.25,1.31
462,mb,ml,462,False,4.9,10.0,0.01171,79.0,0.11
463,ml,ml,463,True,0.31,6.468999999999999,0.01261,181.7,0.13
464,mb,ml,464,False,4.2,10.0,0.02113,241.0,1.09
465,mb,ml,465,False,0.52,0.19699999999999998,0.0045049999999999995,99.0,1.19
466,mb,ml,466,False,4.0,10.0,0.02052,116.0,0.72
467,mb,md,467,False,2.1,13.0,0.05225,253.0,0.78
468,mb,md,468,False,2.75,5.535,0.039760000000000004,247.0,0.1
469,mb,ml,469,False,0.4,11.594000000000001,0.003961999999999999,77.0,0.53
470,mb,md,470,False,0.46,1.4180000000000001,0.004044,121.0,0.04
471,mb,md,471,False,4.1,10.0,0.0049,131.0,0.27
472,mb,md,472,False,4.1,29.8,0.01116,239.0,0.08
473,mb,ml,473,False,1.4,19.8,0.0045049999999999995,276.0,0.47
474,mb,ml,474,False,1.3,7.297000000000001,0.2481,236.0,0.55
475,mb,ml,475,False,2.37,5.809,0.2555,85.0,0.05
476,mb,ml,476,False,4.9,8.4,0.007706,67.0,0.05
477,ml,ml,477,True,2.4,98.4,0.010740000000000001,142.0,0.08
478,mb,mb,478,True,2.03,5.045,0.0066430000000000005,99.0,0.57
479,mb,ml,479,False,1.79,1.0659999999999998,0.1695,279.5,0.2009
480,mb,mh,480,False,1.08,3.835,0.006517,87.0,1.21
481,mb,md,481,False,4.4,10.0,0.006453,54.0,0.45
482,mb,ml,482,False,4.3,10.0,0.009281999999999999,87.0,0.02
483,mb,md,483,False,1.3,12.62,0.008627,73.0,0.03
484,ml,ml,484,True,5.1,21.9,0.006031,105.3,0.96
485,ml,md,485,False,1.82,8.718,0.006717,149.32,0.98
486,mb,ml,486,False,2.19,24.704,0.008936,89.0,0.06
487,mb,md,487,False,1.3,22.1,0.009009,132.2,0.04
488,mb,ml,488,False,1.3,68.7,0.018690000000000002,135.1,0.1123
489,mb,ml,489,False,4.8,10.0,0.096,32.0,1.05
490,mb,ml,490,False,4.1,10.0,0.005881,74.01,0.47
491,mb,md,491,False,1.2,26.846999999999998,0.010029999999999999,142.67,0.21
492,ml,ml,492,True,1.62,3.888,0.122,88.0,0.61
493,mb,md,493,False,4.5,35.0,0.17,180.0,0.04
494,mb,ml,494,False,4.4,20.9,0.008197,338.7,1.03
495,mb,md,495,False,2.5,74.9,0.008582,171.0,0.13
496,mb,md,496,False,4.4,38.4,0.0033590000000000004,98.0,0.07
497,mb,ml,497,False,1.04,4.83,0.002649,126.0,0.04
498,mb,md,498,False,1.5,85.2,0.009272,116.2,0.14
499,mb,ml,499,False,0.5,1.035,0.003039,81.0,0.05
500,mb,ml,500,False,1.17,5.587999999999999,0.006490000000000001,102.9,0.17
501,mb,md,501,False,1.77,29.935,0.003128,78.0,0.05
502,mb,md,502,False,1.8,40.3,0.005278,114.0,0.0306
503,ml,md,503,False,2.5,6.7,0.009751000000000001,31.0,0.39
504,mb,ml,504,False,1.77,0.764,0.002534,82.0,0.76
505,mb,ml,505,False,0.66,0.934,0.0038,107.48,0.91
506,mb,mw,506,False,0.65,1.896,0.0037,109.0,0.53
507,mb,md,507,False,0.9,17.1,0.005473,107.0,0.13
508,mb,ml,508,False,2.0,0.0,0.00804,155.0,1.05
509,mb,ml,509,False,4.7,573.0,0.05177999999999999,96.8,0.05
510,mb,md,510,False,4.1,72.5,0.006718000000000001,114.0,0.08
511,mb,md,511,False,0.69,1.4280000000000002,0.01054,68.0,0.63
512,mb,md,512,False,1.12,5.608,0.008068,38.0,0.98
513,mb,mb,513,True,4.2,10.0,0.009816,91.0,0.11
514,mb,ml,514,False,4.1,29.8,0.009531999999999999,89.0,0.09
515,mb,ml,515,False,1.52,5.897,0.005129,45.0,0.12
516,mb,ml,516,False,0.72,0.58,0.003667,187.8,0.2
517,mb,ml,517,False,1.8,6.2,0.001507,88.0,0.06
518,mb,md,518,False,4.6,10.0,0.005853,77.3,0.78
519,mb,ml,519,False,0.7,12.1,0.005929,170.0,0.04
520,mb,ml,520,False,1.82,4.886,0.01024,217.0,0.72
521,mb,md,521,False,1.5,81.1,0.004954,260.6,0.29
522,mb,ml,522,False,0.43,1.025,0.009602,43.0,0.59
523,mb,ml,523,False,4.6,151.5,0.008108,91.0,0.1
524,mb,ml,524,False,1.41,10.368,0.009325,222.0,0.87
525,mb,ml,525,False,1.86,1.12,0.07923,325.0,0.05
526,mb,md,526,False,0.8,2.592,0.005292,171.0,0.08
527,mb,md,527,False,0.82,5.187,0.008804000000000001,93.3,1.12
528,mb,md,528,False,0.5,1.993,0.008681999999999999,90.0,0.67
529,mb,md,529,False,2.16,5.559,0.007325,99.5,0.53
530,mb,mb,530,True,2.9,25.8,0.008041,77.0,0.73
531,mb,md,531,False,3.0,4.8,0.4135,86.0,0.14
532,mb,ml,532,False,0.86,5.13,0.007427,67.0,0.57
533,mb,mwc,533,False,0.9,5.7,0.0028699999999999997,299.6,0.97
534,mb,md,534,False,1.5,10.1,0.04955,237.0,0.08
535,ml,ml,535,True,0.9,12.0,0.009256,96.0,1.17
536,mb,md,536,False,4.8,10.0,0.009891,218.0,0.31
537,mb,md,537,False,2.4,5.2,0.01225,103.0,0.97
538,mb,md,538,False,1.44,2.263,0.03242,116.4,0.66
539,mb,ml,539,False,4.9,10.0,0.023540000000000002,84.0,0.23
540,mb,md,540,False,0.81,0.9620000000000001,0.09369,28.6,0.64
541,mb,md,541,False,0.4,4.373,0.004957,178.0,0.06
542,mb,ml,542,False,1.6,10.0,0.0065,181.4,0.6
543,mb,md,543,False,1.5,9.8,0.05045,223.0,0.09
544,mb,ml,544,False,0.5,6.584,0.009386,103.0,0.14
545,mb,ml,545,False,0.59,7.568,0.03694,126.0,0.09
546,mb,ml,546,False,0.77,8.985,0.03063,83.0,0.05
547,ml,md,547,False,1.17,12.29,0.05397999999999999,74.0,0.06
548,ml,md,548,False,0.92,1.19,0.013819999999999999,94.0,0.07
549,mb,ml,549,False,4.4,102.0,0.02513,45.0,0.69
550,mb,ml,550,False,2.5,45.3,0.1178,98.0,0.47
551,mb,ml,551,False,1.22,1.746,0.007206999999999999,151.8,0.05
552,mb,md,552,False,4.3,10.0,0.002703,128.46,1.08
553,ml,ml,553,True,2.8,26.2,0.01171,85.0,0.08
554,mb,md,554,False,0.45,12.69,0.01081,160.6,0.04
555,mb,md,555,False,0.8,14.3,0.009663,95.0,0.11
556,mb,ml,556,False,3.0,18.8,0.009504,56.9,0.26
557,mb,ml,557,False,0.86,11.18,0.007206999999999999,86.5,0.18
558,ml,md,558,False,4.8,10.0,0.06806,47.08,0.2
559,mb,ml,559,False,0.86,0.136,0.1004,102.0,1.32
560,mb,md,560,False,1.63,0.366,0.02342,52.0,0.21
561,mb,ml,561,False,5.0,10.0,0.02316,94.0,0.03
562,mb,ml,562,False,2.1,32.3,0.1829,119.7,1.29
563,mb,md,563,False,1.9,52.7,0.030369999999999998,45.0,0.08
564,mb,md,564,False,2.0,31.0,0.09924,146.4,1.27
565,mb,ml,565,False,2.32,4.465,0.2256,248.4,0.26
566,mb,mwb,566,False,1.9,83.6,0.07998,86.0,0.01
567,mb,ml,567,False,4.3,10.0,0.01011,133.0,0.27
568,mb,ml,568,False,2.79,44.51,0.03372,270.0,0.0788
569,mb,md,569,False,2.9,18.7,0.07066,163.0,0.04
570,mb,mh,570,False,1.1,14.8,0.06688,94.0,0.44
571,mb,mh,571,False,0.9,8.7,0.0045049999999999995,62.0,0.27
572,mb,ml,572,False,4.6,97.8,0.006306,96.0,0.11
573,mb,md,573,False,2.4,11.5,0.015319999999999999,55.0,0.03
574,mb,md,574,False,3.35,0.069,0.003604,131.0,0.23
575,mb,md,575,False,1.6,6.9,0.03771,87.0,0.18
576,mb,ml,576,False,0.42,0.846,0.1141,66.0,0.04
577,mb,ml,577,False,2.7,18.8,0.03503,103.26,0.05
578,mb,md,578,False,2.1,2.2,0.01892,171.0,0.11
579,mb,md,579,False,1.11,1.256,0.0045049999999999995,75.0,0.08
580,mb,ml,580,False,1.17,2.64,0.1052,98.0,0.2
581,mb,ml,581,False,2.44,2.076,0.0226,112.0,0.25
582,mb,md,582,False,0.76,3.51,0.1052,222.0,0.02
583,mb,md,583,False,1.43,2.693,0.002703,133.0,0.14
584,mb,ml,584,False,1.52,2.231,0.08377000000000001,65.6,0.04
585,mb,ml,585,False,3.3,156.5,0.02841,160.6,0.01
586,mb,ml,586,False,1.4,79.9,0.03153,81.0,0.61
587,mb,ml,587,False,1.79,2.095,0.025230000000000002,45.0,0.1
588,mb,md,588,False,4.4,10.0,0.02984,36.0,0.16
589,mb,ml,589,False,1.15,7.511,0.03461,141.0,0.05
590,mb,ml,590,False,1.78,2.295,0.02865,173.0,0.23
591,mb,ml,591,False,0.96,10.806,0.009009,105.4,0.89
592,mb,ml,592,False,2.33,5.749,0.2595,137.0,0.1183
593,mb,ml,593,False,2.22,5.705,0.01171,65.0,0.65
594,ml,ml,594,True,2.6,25.5,0.2828,39.0,1.03
595,mb,ml,595,False,2.26,5.995,0.04623,118.0,1.4
596,mb,md,596,False,5.2,10.0,0.04095,65.0,0.21
597,mb,md,597,False,3.06,12.985,1.135,74.0,0.06
598,mb,ml,598,False,0.76,3.272,0.009909999999999999,117.21,0.1254
599,mb,ml,599,False,5.5,10.0,0.1109,136.0,0.1589
600,mb,ml,600,False,0.96,9.533999999999999,0.007206999999999999,82.0,0.59
601,mb,ml,601,False,6.4,16.0,0.0428,203.0,0.1
602,mb,md,602,False,2.62,0.075,0.005405,306.6,0.1
603,mb,mb,603,True,0.4,1.527,0.006306,109.7,0.12
604,mb,mw,604,False,1.4,67.8,0.09279,82.0,0.02
605,mb,md,605,False,0.9,5.9,0.01261,266.9,0.51
606,mb,md,606,False,1.12,4.98,0.0646,94.0,0.06
607,mb,md,607,False,3.5,66.6,0.009909999999999999,57.0,1.03
608,mb,ml,608,False,1.3,63.0,0.018019999999999998,82.4,0.05
609,mb,ml,609,False,2.37,5.525,0.008483,148.87,0.04
610,mb,mwc,610,False,0.5,3.312,0.02072,47.0,0.09
611,mb,md,611,False,0.42,1.097,0.009909999999999999,78.0,0.15
612,mb,md,612,False,2.04,0.011000000000000001,0.08649,115.0,0.55
613,ml,ml,613,True,2.36,2.165,0.01441,105.5,0.1426
614,mb,md,614,False,0.66,1.62,0.006306,151.0,0.09
615,mb,ml,615,False,0.88,3.111,0.018019999999999998,127.0,0.18
616,mb,md,616,False,0.59,6.057,0.2293,107.0,0.1
617,mb,md,617,False,2.61,9.184,0.1354,115.0,0.63
618,mb,md,618,False,2.47,5.524,0.08436,62.0,0.06
619,mb,ml,619,False,3.2,13.505,0.01081,101.0,0.31
620,mb,ml,620,False,0.88,0.78,0.008108,99.0,0.07
621,mb,ml,621,False,0.86,2.425,0.007206999999999999,30.0,0.22
622,mb,md,622,False,0.77,5.142,0.2268,134.0,0.05
623,mb,ml,623,False,0.32,0.055999999999999994,0.009009,140.0,0.14
624,ml,ml,624,True,2.8,15.7,0.01171,148.0,0.19
625,mb,md,625,False,1.8,8.1,0.1837,67.0,0.46
626,ml,md,626,False,2.5,5.13,0.015319999999999999,137.0,0.06
627,mb,md,627,False,0.91,15.258,0.007206999999999999,68.0,0.57
628,mb,md,628,False,0.58,2.9760000000000004,0.01712,106.0,0.05
629,mb,ml,629,False,1.49,7.91,0.019819999999999997,114.0,1.29
630,mb,ml,630,False,4.6,10.0,0.01622,274.86,0.73
631,mb,ml,631,False,1.3,7.8,0.1181,42.0,0.05
632,mb,md,632,False,2.6,5.0,0.1175,21.1,0.21
633,mb,md,633,False,1.6,2.2,0.015319999999999999,284.0,0.52
634,mb,md,634,False,4.3,48.1,0.01622,68.0,0.07
635,mb,md,635,False,4.5,10.0,0.006306,84.0,0.14
636,mb,ml,636,False,0.2,5.3,0.01081,96.0,0.1
637,mb,mwc,637,False,1.55,1.984,0.009909999999999999,214.0,0.09
638,mb,md,638,False,1.1,9.5,0.006306,126.0,0.31
639,mb,mb,639,True,1.0,0.0,0.009909999999999999,51.0,0.11
640,mb,mb,640,True,2.1,114.9,0.155,104.0,0.86
641,mb,ml,641,False,2.08,2.89,0.05135,63.0,0.66
642,mb,md,642,False,1.15,3.717,0.007206999999999999,84.0,0.05
643,mb,ml,643,False,2.8,5.0,0.07207000000000001,125.0,1.14
644,ml,md,644,False,4.1,35.9,0.1183,107.0,0.1
645,mb,ml,645,False,0.82,1.413,0.09407,84.0,0.05
646,mb,md,646,False,0.91,0.601,0.01081,254.6,0.93
647,mb,mb,647,True,4.1,6.0,0.1717,122.42,0.06
648,mb,mb,648,True,3.2,28.3,0.11699999999999999,78.62,0.11
649,ml,ml,649,True,1.38,0.444,0.08319,211.8,0.65
650,mb,ml,650,False,4.4,10.0,0.04,110.5,0.26
651,mb,md,651,False,0.85,0.51,0.08649,67.0,0.07
652,mb,ml,652,False,0.74,1.81,0.04241,106.44,0.24
653,mb,ml,653,False,2.9,1.325,0.04791,128.3,0.51
654,mb,md,654,False,1.11,15.543,0.2324,95.0,0.04
655,mb,ml,655,False,2.1,137.1,0.08327000000000001,91.0,0.34
656,ml,md,656,False,1.0,7.8,0.43,179.0,1.06
657,mb,ml,657,False,0.8,9.886000000000001,0.1203,181.0,0.02
658,mb,ml,658,False,1.08,14.993,0.057010000000000005,80.0,0.28
659,mb,md,659,False,0.8,14.200999999999999,0.09608,61.0,0.92
660,mb,ml,660,False,4.4,120.5,0.02252,49.0,0.29
661,mb,ml,661,False,1.42,5.294,0.009909999999999999,50.0,1.4
662,mb,md,662,False,0.6,14.3,0.003604,136.0,0.22
663,mb,ml,663,False,3.3,4.316,0.02162,87.0,0.36
664,mb,md,664,False,0.1,11.3,0.01712,108.0,0.04
665,ml,ml,665,True,1.73,6.691,0.04685,78.0,0.03
666,mb,ml,666,False,1.32,3.7680000000000002,0.02613,76.9,0.08
667,mb,md,667,False,0.66,0.569,0.127,135.0,0.17
668,mb,md,668,False,0.7,6.4,0.003604,129.5,0.05
669,mb,md,669,False,2.19,1.969,0.09566000000000001,105.7,0.07
670,mb,ml,670,False,3.1,53.1,0.031939999999999996,73.0,0.11
671,mb,mb,671,True,1.2,5.3,0.007206999999999999,126.0,1.61
672,mb,md,672,False,1.34,0.6679999999999999,0.0045049999999999995,126.0,0.1169
673,mb,md,673,False,4.7,10.0,0.007206999999999999,57.0,0.12
674,mb,ml,674,False,1.3,110.1,0.01165,204.0,0.58
675,mb,ml,675,False,2.0,5.94,0.01712,101.0,1.0
676,mb,ml,676,False,0.9,12.02,0.015319999999999999,89.0,0.03
677,mb,ml,677,False,3.2,25.4,0.01441,107.0,0.72
678,mb,md,678,False,1.8,54.2,0.02146,91.0,0.0665
679,mb,md,679,False,3.13,1.545,0.005405,250.8,0.04
680,mb,md,680,False,0.94,8.087,0.01081,65.0,0.72
681,mb,md,681,False,1.41,4.555,0.008645,117.0,0.48
682,mb,md,682,False,0.86,14.219000000000001,0.003604,117.0,0.04
683,mb,md,683,False,1.6,70.0,0.141,260.6,0.09
684,mb,md,684,False,0.61,15.73,0.1113,93.3,0.51
685,mb,md,685,False,4.7,10.0,0.006306,118.3,0.26
686,mb,md,686,False,2.3,14.4,0.07219,118.3,0.07
687,ml,md,687,False,0.82,0.428,0.0418,46.0,1.55
688,mb,mw,688,False,4.8,10.0,0.008108,121.0,0.06
689,mb,ml,689,False,1.67,8.287,0.01441,129.0,0.01
690,mb,ml,690,False,1.04,2.72,0.01081,59.0,0.32
691,mb,ml,691,False,2.8,12.7,0.01712,136.0,0.16
692,mb,md,692,False,1.78,0.061,0.006306,170.0,0.45
693,mb,ml,693,False,2.0,83.3,0.06742000000000001,137.0,0.28
694,mb,md,694,False,2.4,26.4,0.024569999999999998,108.0,0.06
695,mb,ml,695,False,2.9,44.8,0.7924,135.0,0.36
696,mb,md,696,False,0.5,12.8,0.01622,139.0,0.06
697,mb,md,697,False,0.99,1.8,0.008851999999999999,132.0,0.08
698,mb,ml,698,False,1.45,12.31,0.113,119.0,0.03
699,mb,md,699,False,2.3,59.0,0.002703,191.0,1.01
700,mb,md,700,False,0.64,4.728,0.172,228.19,0.14
701,mb,ml,701,False,1.5,41.0,0.04685,114.0,0.19
702,mb,ml,702,False,5.0,10.0,0.009009,139.0,0.34
703,mb,ml,703,False,0.96,0.092,0.1334,116.0,0.0886
704,mb,ml,704,False,1.5,61.9,0.03243,149.06,0.14
705,ml,ml,705,True,5.2,10.4,0.02613,107.0,0.16
706,mb,ml,706,False,1.7,12.82,0.034230000000000003,106.0,0.03
707,mb,md,707,False,5.4,10.0,0.03243,125.0,0.09
708,mb,md,708,False,0.47,11.33,0.02384,129.0,0.63
709,mb,md,709,False,1.5,9.3,0.03333,46.0,0.02
710,mb,ml,710,False,0.39,2.046,0.02613,128.0,0.02
711,mb,md,711,False,0.88,1.4140000000000001,0.003604,119.0,0.54
712,mb,ml,712,False,1.29,10.19,0.009909999999999999,108.0,1.3
713,mb,mb,713,True,1.48,1.84,0.2554,53.0,0.97
714,mb,md,714,False,0.81,1.859,0.03784,103.0,0.1
715,mb,md,715,False,1.91,1.639,0.01976,100.0,0.19
716,mb,ml,716,False,0.83,7.751,0.03694,227.7,0.06
717,mb,ml,717,False,4.3,10.0,0.002703,46.0,0.01
718,mb,ml,718,False,1.0,6.3,0.1207,129.0,0.16
719,mb,md,719,False,0.68,9.106,0.04383,46.0,0.35
720,ml,ml,720,True,1.4,45.7,0.015319999999999999,130.0,0.95
721,ml,ml,721,True,4.5,10.0,0.009009,238.0,0.12
722,mb,md,722,False,0.9,0.634,0.062,79.0,0.26
723,mb,ml,723,False,4.4,10.0,0.03982,41.7,0.76
724,mb,ml,724,False,4.4,6.9,0.09168,111.0,0.64
725,mb,ml,725,False,1.5,9.8,0.1459,153.0,0.4
726,mb,md,726,False,0.89,1.6380000000000001,0.009909999999999999,116.0,0.12
727,mb,md,727,False,2.5,139.5,0.01622,107.0,0.07
728,mb,md,728,False,2.4,113.4,0.015319999999999999,130.0,0.2
729,mb,md,729,False,0.43,1.3090000000000002,0.01899,103.0,0.03
730,mb,ml,730,False,1.8,2.4330000000000003,0.018019999999999998,110.0,0.64
731,mb,ml,731,False,2.1,125.8,0.04608,107.0,0.6
732,mb,ml,732,False,4.1,12.8,0.1624,122.0,0.36
733,mb,ml,733,False,1.9,93.6,0.005405,106.0,0.07
734,ml,md,734,False,1.28,1.0190000000000001,0.01441,106.0,0.14
735,mb,mb,735,True,4.4,10.0,0.02365,112.0,0.1131
736,mb,md,736,False,4.0,16.1,0.04293,81.0,0.2
737,mb,mb,737,True,1.08,1.23,0.1519,107.0,0.22
738,mb,mb,738,True,0.56,2.748,0.009009,105.0,0.4
739,mb,ml,739,False,1.9,5.8,0.04505,45.0,0.13
740,mb,mb,740,True,0.0,8.1,0.04685,115.0,0.01
741,mb,mb,741,True,2.1,133.4,0.003604,108.0,1.48
742,mb,ml,742,False,2.21,5.341,0.02002,166.0,0.13
743,mb,ml,743,False,0.82,8.936,0.06601,45.0,0.12
744,mb,md,744,False,1.6,60.4,0.1126,108.0,0.15
745,mb,md,745,False,1.05,1.44,0.02259,140.5,1.29
746,ml,md,746,False,0.81,1.042,0.152,229.2,0.55
747,ml,md,747,False,0.57,1.4140000000000001,0.01712,229.0,0.0015
748,mb,ml,748,False,5.1,35.0,0.134,108.0,0.17
749,mb,ml,749,False,1.68,17.641,0.0045049999999999995,114.0,0.04
750,mb,mh,750,False,1.56,13.133,0.009909999999999999,258.7,0.91
751,mb,mb,751,True,2.5,74.2,0.02115,90.0,1.17
752,mb,md,752,False,4.0,168.2,0.05586,45.0,0.19
753,mb,md,753,False,0.8,8.7,0.01351,134.0,0.09
754,mb,ml,754,False,1.47,3.02,0.002703,78.0,0.16
755,mb,ml,755,False,1.47,7.12,0.11599999999999999,66.4,0.2
756,mb,ml,756,False,0.54,0.354,0.2874,119.0,0.05
757,mb,md,757,False,0.99,3.719,0.009009,79.0,0.06
758,mb,md,758,False,1.3,10.0,0.02883,294.5,0.43
759,mb,mb,759,True,0.57,4.044,0.2302,150.3,0.03
760,mb,ml,760,False,0.45,1.423,0.006306,118.0,0.18
761,mb,md,761,False,0.8,10.0,0.09,107.0,0.17
762,mb,mb,762,True,5.2,39.7,0.3455,47.0,0.75
763,mb,md,763,False,4.4,10.0,0.192,205.3,0.03
764,mb,ml,764,False,0.81,3.01,0.04865,175.0,0.14
765,mb,md,765,False,1.79,4.477,0.07285,108.0,0.49
766,mb,md,766,False,2.18,0.406,0.006306,133.0,0.02
767,mb,md,767,False,0.3,1.004,0.01441,84.0,0.33
768,ml,ml,768,True,1.09,5.912000000000001,0.08027000000000001,44.0,0.04
769,mb,ml,769,False,2.1,48.7,0.055810000000000005,107.2,0.96
770,mb,ml,770,False,4.8,15.2,0.024319999999999998,184.0,0.53
771,mb,ml,771,False,0.9,0.0,0.08112,249.0,0.04
772,mb,ml,772,False,1.11,7.9,0.01622,80.0,0.0475
773,mb,md,773,False,1.3,6.1,0.1188,57.0,0.24
774,mb,ml,774,False,2.3,1.2,0.015319999999999999,93.0,0.85
775,mb,ml,775,False,1.9,2.4,0.005405,74.4,0.15
776,mb,ml,776,False,2.1,1.554,0.0295,208.8,0.05
777,ml,mh,777,False,1.7,1.244,0.01081,76.0,0.02
778,mb,ml,778,False,0.3,16.0,0.01171,63.3,0.55
779,mb,ml,779,False,0.88,3.19,0.08392000000000001,132.0,0.08
780,mb,ml,780,False,1.7,114.5,0.2429,62.0,0.03
781,mb,ml,781,False,2.0,11.7,0.1999,132.0,0.11
782,mb,md,782,False,0.6,0.5,0.007206999999999999,113.0,0.19
783,mb,md,783,False,1.33,6.604,0.003604,80.0,0.03
784,mb,ml,784,False,0.84,10.345999999999998,0.03153,65.0,0.73
785,mb,mb,785,True,1.0,1.2,0.09009,222.0,0.17
786,mb,mb,786,True,1.37,12.35,0.01171,60.0,0.17
787,mb,ml,787,False,1.9,59.6,0.03333,77.5,0.13
788,mb,ml,788,False,2.3,25.7,0.2073,259.0,0.17
789,mb,md,789,False,0.98,11.017999999999999,0.01351,180.0,0.27
790,mb,md,790,False,0.48,0.794,0.007206999999999999,239.0,0.64
791,mb,ml,791,False,4.0,204.9,0.02707,116.0,0.08
792,mb,ml,792,False,5.0,35.0,0.0045049999999999995,225.0,0.44
793,mb,ml,793,False,0.74,1.6130000000000002,0.36700000000000005,302.4,0.1459
794,mb,ml,794,False,3.1,25.6,0.002703,89.8,0.0673
795,mb,ml,795,False,0.43,13.987,0.008108,76.0,0.73
796,mb,md,796,False,1.11,12.669,0.08467999999999999,115.0,0.16
797,mb,ml,797,False,5.2,10.0,0.03874,90.0,0.1213
798,mb,ml,798,False,1.4,24.7,0.02808,207.0,1.08
799,mb,ml,799,False,0.1,7.7,0.006306,264.2,0.14
800,mb,md,800,False,1.89,16.291,0.2719,83.5,0.15
801,mb,md,801,False,0.56,1.53,0.0045049999999999995,262.0,0.21
802,mb,md,802,False,4.4,10.0,0.1279,143.0,0.22
803,mb,mwr,803,False,4.3,10.0,0.08018,273.0,0.05
804,mb,md,804,False,0.4,0.073,0.09189,71.0,0.18
805,mb,ml,805,False,0.7,3.383,0.008108,27.0,0.2
806,mb,ml,806,False,1.26,10.353,0.06486,200.8,0.07
807,mb,ml,807,False,2.3,8.767999999999999,0.03333,128.0,0.04
808,mb,mh,808,False,0.45,8.789,0.01261,97.2,0.53
809,mb,ml,809,False,0.24,0.9,0.3663,50.0,0.16
810,mb,mwc,810,False,1.8,93.3,0.009009,84.0,0.73
811,mb,ml,811,False,0.27,0.83,0.005405,254.2,0.12
812,mb,md,812,False,1.7,10.693,0.015319999999999999,48.0,0.04
813,mb,md,813,False,1.14,7.97,0.3885,74.5,0.86
814,mb,md,814,False,4.7,26.1,0.1856,102.7,0.04
815,mb,md,815,False,1.9,12.1,0.0045049999999999995,101.2,0.73
816,mb,md,816,False,0.89,0.95,0.087,100.3,0.92
817,mb,ml,817,False,0.6,14.530999999999999,0.6507,259.1,0.08
818,mb,mb,818,True,1.3,16.4,0.5841,85.0,0.92
819,mb,mb,819,True,0.87,0.9790000000000001,0.1351,129.0,0.02
820,mb,ml,820,False,0.1,11.9,0.03106,86.0,0.15
821,mb,ml,821,False,0.85,5.35,0.008108,27.1,0.09
822,mb,ml,822,False,4.8,504.4,0.01622,184.0,0.02
823,mb,ml,823,False,1.3,10.6,0.043789999999999996,132.0,0.03
824,mb,md,824,False,1.5,0.207,0.022180000000000002,164.0,0.13
825,mb,ml,825,False,0.7,6.7,0.04797,42.0,0.17
826,mb,mb,826,True,3.6,18.882,0.001802,208.0,0.18
827,mb,md,827,False,6.3,551.0,0.052410000000000005,112.0,0.88
828,mb,ml,828,False,2.4,14.745999999999999,0.09365,338.1,0.35
829,mb,ml,829,False,1.01,3.176,0.1201,97.0,0.07
830,mb,ml,830,False,0.48,1.449,0.04955,261.0,0.16
831,mb,ml,831,False,1.4,23.2,0.015319999999999999,196.0,0.17
832,mb,ml,832,False,0.5,3.133,0.05231,253.0,0.34
833,mb,mb,833,True,0.4,4.663,0.161,85.0,0.82
834,mb,ml,834,False,1.26,4.294,0.1419,138.1,0.39
835,mb,md,835,False,1.65,6.186,0.1792,257.1,1.09
836,mb,md,836,False,0.57,1.4269999999999998,0.007206999999999999,49.0,1.0
837,mb,ml,837,False,1.6,9.4,0.03333,51.0,0.15
838,mb,md,838,False,1.37,7.81,0.0009009,55.0,0.19
839,mb,md,839,False,1.93,15.720999999999998,0.06862,253.6,0.07
840,mb,ml,840,False,1.02,1.953,0.01261,71.0,0.26
841,mb,md,841,False,1.13,3.253,0.031389999999999994,250.0,0.05
842,mb,ml,842,False,1.3,67.1,0.3751,107.0,0.04
843,mb,md,843,False,1.9,14.7,0.023190000000000002,259.7,0.09
844,mb,ml,844,False,0.83,11.964,0.027030000000000002,114.9,0.04
845,mb,md,845,False,3.0,25.8,0.01731,64.9,0.09
846,ml,ml,846,True,2.9,56.9,0.009909999999999999,257.0,0.06
847,mb,md,847,False,1.5,12.5,0.005405,252.0,0.09
848,mb,md,848,False,0.8,8.5,0.1115,80.9,0.04
849,mb,mh,849,False,4.2,12.0,0.009909999999999999,199.0,0.09
850,mb,md,850,False,4.5,162.5,0.09362000000000001,85.0,0.0036
851,mb,mb,851,True,0.91,7.401,0.05542999999999999,234.0,0.43
852,mb,mb,852,True,2.3,10.1,0.01622,79.0,0.13
853,mb,md,853,False,5.0,10.0,0.002703,213.0,0.04
854,mb,md,854,False,0.7,0.153,0.02162,231.5,0.12
855,mb,ml,855,False,0.95,6.194,0.002703,39.0,0.1053
856,mb,mwc,856,False,1.28,10.67,0.1193,137.0,0.14
857,mb,md,857,False,2.32,7.93,0.007531,65.0,0.14
858,mb,ml,858,False,0.91,0.89,0.09294,71.0,0.07
859,mb,ml,859,False,1.7,3.633,0.3009,89.0,0.09
860,mb,md,860,False,1.63,2.8110000000000004,0.1415,74.7,0.21
861,mb,md,861,False,1.68,2.319,0.009009,113.0,0.08
862,mb,md,862,False,0.97,2.064,0.007206999999999999,114.5,0.05
863,mb,ml,863,False,1.2,10.3,0.015319999999999999,160.0,0.06
864,mb,ml,864,False,1.27,4.546,0.03784,60.0,0.13
865,mb,ml,865,False,1.3,17.9,0.01081,256.1,0.13
866,mb,mb,866,True,1.17,4.173,0.973,260.8,0.14
867,mb,ml,867,False,1.16,4.97,0.08392999999999999,80.0,0.31
868,mb,md,868,False,4.0,10.0,0.018019999999999998,66.0,0.2
869,mb,md,869,False,0.21,0.297,0.02973,76.0,0.05
870,mb,ml,870,False,3.7,10.0,0.04836,265.9,0.16
871,ml,md,871,False,4.1,10.0,0.0045049999999999995,79.0,0.07
872,mb,mwc,872,False,0.74,1.973,0.1923,200.0,0.05
873,mb,md,873,False,1.4,19.6,0.04775,131.0,0.13
874,mb,md,874,False,0.55,1.084,0.04595,159.1,0.94
875,mb,ml,875,False,0.6,15.065,0.04505,37.0,0.1
876,mb,md,876,False,1.24,5.705,0.1108,68.0,0.08
877,mb,md,877,False,0.5,7.901,0.01081,139.2,0.15
878,mb,ml,878,False,0.3,2.003,0.01622,95.0,0.12
879,mb,md,879,False,1.23,3.853,0.26,117.0,0.08
880,mb,ml,880,False,1.13,3.873,0.09695,199.0,0.1
881,mb,ml,881,False,0.3,8.23,0.002703,232.8,0.03
882,mb,ml,882,False,2.7,17.0,0.0045049999999999995,91.0,0.11
883,mb,ml,883,False,2.8,37.5,0.07492,271.0,0.07
884,mb,md,884,False,1.7,13.5,0.1462,236.9,0.14
885,mb,ml,885,False,1.18,2.269,0.02973,227.2,0.06
886,mb,mb,886,True,1.74,4.83,0.16399999999999998,93.0,0.14
887,ml,mblg,887,False,1.49,5.33,0.03243,261.1,0.08
888,mb,md,888,False,1.2,10.0,0.08932000000000001,265.5,0.17
889,mb,ml,889,False,2.6,25.9,0.0453,96.0,0.17
890,mb,md,890,False,4.5,10.0,0.01948,183.0,0.19
891,mb,ml,891,False,2.8,131.6,0.03243,148.0,0.43
892,mb,md,892,False,4.3,10.0,0.02883,241.0,0.28
893,mb,ml,893,False,4.9,10.0,0.271,37.0,0.62
894,mb,mb,894,True,1.55,3.7230000000000003,0.03369,126.0,0.11
895,ml,mh,895,False,0.4,2.043,0.036989999999999995,37.0,0.08
896,mb,md,896,False,0.7,3.593,0.02129,63.0,0.15
897,mb,md,897,False,1.06,1.65,0.1146,240.6,0.49
898,ml,ml,898,True,0.5,2.2430000000000003,1.064,37.0,0.16
899,mb,mh,899,False,0.5,3.023,0.006306,93.4,1.13
900,mb,ml,900,False,1.0,2.653,0.009009,118.0,0.1
901,ml,mb,901,False,0.5,1.393,0.0009009,65.0,0.17
902,ml,mb,902,False,0.8,3.323,0.02607,50.0,0.17
903,mb,ml,903,False,0.6,3.573,0.267,72.0,0.09
904,mb,md,904,False,0.6,2.543,0.3907,261.8,0.19
905,mb,mb,905,True,0.37,1.66,0.04505,99.9,0.07
906,mb,ml,906,False,0.5,4.007,0.01261,30.0,0.13
907,mb,mb,907,True,0.0,15.8,0.01081,134.0,0.07
908,ml,ml,908,True,1.5,99.9,0.2979,73.0,0.31
909,mb,ml,909,False,0.7,1.133,0.03406,89.0,0.09
910,mb,md,910,False,0.5,2.1630000000000003,0.009909999999999999,79.0,1.06
911,mb,md,911,False,0.69,6.81,0.3004,99.0,0.03
912,mb,ml,912,False,1.3,11.8,0.2295,214.1,0.12
913,mb,ml,913,False,1.13,3.263,0.623,133.0,0.16
914,mb,md,914,False,1.39,3.623,0.036039999999999996,63.0,0.15
915,ml,mb,915,False,1.0,3.553,0.03191,238.4,0.17
916,mb,md,916,False,0.6,4.493,0.147,116.0,0.05
917,mb,ml,917,False,1.51,3.8930000000000002,0.008108,230.3,0.23
918,mb,ml,918,False,0.5,4.1930000000000005,0.009909999999999999,98.0,1.75
919,mb,md,919,False,0.7,2.443,0.001802,258.8,1.04
920,ml,ml,920,True,0.5,1.2429999999999999,0.005405,77.0,0.09
921,mb,mwc,921,False,1.49,4.213,0.003604,110.0,0.07
922,mb,ml,922,False,1.74,0.423,0.09838,117.0,0.07
923,ml,mb,923,False,1.3,5.003,0.009009,124.0,0.15
924,mb,md,924,False,2.6,36.2,0.027110000000000002,203.0,0.05
925,mb,ml,925,False,1.9,53.4,0.009909999999999999,80.1,0.96
926,mb,mb,926,True,3.58,4.203,0.006306,59.0,0.04
927,mb,mb,927,True,1.8,4.553,0.153,137.09,1.11
928,mb,md,928,False,1.79,4.1930000000000005,0.018019999999999998,36.0,0.11
929,mb,md,929,False,1.48,3.103,0.02733,185.89,0.04
930,ml,mb,930,False,0.56,3.613,0.01799,236.4,0.07
931,mb,md,931,False,1.13,2.1430000000000002,0.03243,93.4,0.11
932,mb,ml,932,False,5.0,10.0,0.005599,141.8,0.46
933,mb,mw,933,False,1.29,4.703,0.01383,258.0,0.06
934,mb,md,934,False,1.0,3.403,0.003604,128.7,0.15
935,mb,ml,935,False,1.29,3.4530000000000003,0.2425,164.0,0.04
936,mb,md,936,False,1.0,2.443,0.01622,246.4,0.04
937,mb,md,937,False,1.0,3.443,0.01351,85.0,1.26
938,mb,md,938,False,0.5,1.063,0.024319999999999998,254.6,0.09
939,mb,ml,939,False,0.5,0.9640000000000001,0.02051,114.0,0.15
940,mb,ml,940,False,0.7,3.073,0.015319999999999999,258.2,0.07
941,mb,mb,941,True,0.5,2.713,0.01171,195.2,0.89
942,mb,ml,942,False,1.8,3.1630000000000003,0.03508,172.7,0.09
943,mb,md,943,False,0.3,1.933,0.058629999999999995,139.2,0.83
944,mb,mh,944,False,0.6,3.153,0.06724,53.2,1.32
945,mb,md,945,False,1.36,1.54,0.01081,298.0,0.42
946,mb,ml,946,False,1.0,3.023,0.02427,32.0,0.11
947,mb,ml,947,False,1.83,1.0,0.025230000000000002,134.5,0.82
948,ml,ml,948,True,3.78,4.223,0.401,144.39,0.64
949,mb,mb,949,True,2.2,133.7,0.1798,219.0,0.56
950,mb,mb,950,True,1.2,50.0,0.009009,48.8,0.23
951,mb,md,951,False,4.5,10.0,0.01351,191.0,0.06
952,mb,ml,952,False,0.5,2.713,0.01441,33.0,1.16
953,ml,ml,953,True,0.7,3.403,0.02342,204.0,0.05
954,mb,md,954,False,2.36,4.123,0.04595,77.0,0.14
955,mb,md,955,False,2.5,25.6,0.05225,114.7,0.42
956,mb,mh,956,False,1.35,3.9930000000000003,0.003604,54.0,0.12
957,mb,md,957,False,5.2,10.0,0.04144,188.1,0.04
958,ml,md,958,False,3.3,53.5,0.04992,67.0,0.07
959,mb,mh,959,False,1.66,14.277000000000001,0.0045049999999999995,142.2,0.84
960,mb,mh,960,False,1.31,4.2330000000000005,0.1326,107.0,0.73
961,mb,ml,961,False,0.6,2.4330000000000003,0.1033,127.0,0.93
962,ml,md,962,False,2.8,31.2,0.01171,77.0,0.07
963,mb,mh,963,False,0.68,9.339,0.08378,73.0,0.15
964,mb,mwc,964,False,2.16,3.903,0.02883,31.0,0.88
965,mb,ml,965,False,0.7,2.783,0.1144,83.0,0.66
966,mb,ml,966,False,1.27,3.333,0.01351,133.0,1.03
967,ml,mb,967,False,3.1,5.0,0.1234,85.0,1.25
968,mb,ml,968,False,2.0,4.42,0.003604,41.0,0.89
969,ml,mwr,969,False,1.5,132.6,0.021419999999999998,36.0,0.49
970,mb,md,970,False,0.6,0.9229999999999999,0.02595,127.8,0.47
971,mb,ml,971,False,2.5,62.9,0.02377,194.0,0.06
972,mb,md,972,False,4.5,10.0,0.02973,193.6,0.17
973,mb,md,973,False,1.5,4.655,0.08079,93.6,0.18
974,mb,md,974,False,0.5,2.133,0.02787,231.8,0.96
975,mb,ml,975,False,1.49,2.833,0.002703,128.1,0.03
976,mb,mb,976,True,3.1,39.6,0.01261,105.3,0.02
977,mb,ml,977,False,0.4,11.899000000000001,0.0955,145.0,0.87
978,mb,md,978,False,1.44,3.8930000000000002,0.2694,75.0,0.13
979,ml,ml,979,True,4.7,33.9,0.009909999999999999,75.0,0.19
980,mb,md,980,False,0.85,12.207,0.01171,161.0,1.12
981,mb,mc,981,False,0.92,9.908999999999999,0.09515,97.0,0.14
982,mb,ml,982,False,1.8,12.7,0.1222,85.0,0.06
983,ml,ml,983,True,4.8,10.0,0.03551,239.0,0.12
984,mb,md,984,False,0.98,6.452000000000001,0.03435,340.9,0.75
985,mb,ml,985,False,0.96,7.348,0.03678,100.0,0.19
986,mb,ml,986,False,0.82,0.473,0.193,61.0,0.04
987,mb,md,987,False,1.19,8.26,0.0045049999999999995,76.5,0.03
988,mb,ml,988,False,0.52,1.788,0.015319999999999999,45.0,0.84
989,mb,ml,989,False,5.1,10.0,0.02541,66.0,0.19
990,mb,md,990,False,3.2,48.4,0.008108,180.0,0.54
991,ml,ml,991,True,0.47,2.7430000000000003,0.06355,265.0,0.36
992,mb,ml,992,False,4.9,10.0,0.03243,31.0,0.21
993,mb,md,993,False,0.78,0.856,0.02708,65.0,0.13
994,mb,md,994,False,0.89,1.538,0.01261,172.0,0.09
995,mb,md,995,False,1.0,2.983,0.0291,71.6,0.15
996,mb,ml,996,False,1.17,3.843,0.05225,45.2,0.45
997,mb,ml,997,False,1.7,88.1,0.04883,87.0,0.3
998,mb,ml,998,False,0.41,1.81,0.1342,63.0,0.6
999,mb,ml,999,False,1.3,25.851,0.007206999999999999,180.0,0.87
1000,mb,md,1000,False,0.69,2.823,0.1144,82.0,1.31
1001,mb,md,1001,False,1.08,7.836,0.006306,137.0,0.66
1002,mb,ml,1002,False,4.9,10.0,0.061029999999999994,129.0,0.2
1003,mb,ml,1003,False,2.8,25.3,0.01351,169.0,1.14
1004,mb,ml,1004,False,0.0,8.367,0.09459,50.0,0.12
1005,mb,ml,1005,False,0.83,4.48,0.2878,325.5,0.18
1006,mb,ml,1006,False,2.1,6.33,0.1139,134.0,0.18
1007,mb,ml,1007,False,1.0,14.4,0.08159,61.0,0.06
1008,ml,md,1008,False,0.81,3.363,0.08918999999999999,83.4,0.16
1009,mb,md,1009,False,0.9,0.2,0.005405,82.0,0.73
1010,ml,ml,1010,True,2.5,25.0,0.1352,104.2,0.06
1011,mb,mb,1011,True,4.5,10.0,0.1423,49.4,0.14
1012,mb,md,1012,False,1.8,101.9,0.01171,245.0,0.06
1013,ml,ml,1013,True,1.46,1.69,0.03874,250.0,0.11
1014,mb,md,1014,False,4.6,10.0,0.08467999999999999,151.0,0.15
1015,mb,ml,1015,False,2.0,13.2,0.1695,125.0,1.21
1016,ml,md,1016,False,2.5,25.1,0.016980000000000002,50.0,0.09
1017,mb,mb,1017,True,0.75,9.91,0.01916,60.3,0.94
1018,mb,ml,1018,False,0.7,7.395,0.02343,257.7,0.1
1019,ml,ml,1019,True,2.8,25.9,0.05405,71.0,0.05
1020,mb,md,1020,False,5.1,14.1,0.02327,95.0,0.46
1021,mb,ml,1021,False,0.5,8.16,0.005405,90.0,0.69
1022,mb,ml,1022,False,1.1,18.718,0.0045049999999999995,127.0,0.08
1023,mb,md,1023,False,2.5,26.4,0.056760000000000005,205.0,0.16
1024,mb,ml,1024,False,1.0,6.497999999999999,0.05022,113.0,0.04
1025,mb,ml,1025,False,0.5,2.377,0.02072,71.0,0.05
1026,mb,md,1026,False,1.37,6.024,0.009909999999999999,62.0,0.03
1027,ml,ml,1027,True,4.5,10.0,0.009909999999999999,169.0,0.04
1028,mb,md,1028,False,0.59,5.6579999999999995,0.007206999999999999,150.0,0.07
1029,mb,md,1029,False,4.9,10.0,0.01261,73.0,0.48
1030,mb,md,1030,False,1.09,2.197,0.01622,131.3,0.04
1031,mb,md,1031,False,0.95,5.035,0.026060000000000003,77.2,0.92
1032,mb,ml,1032,False,2.9,25.6,0.1135,88.0,0.09
1033,mb,ml,1033,False,4.4,10.0,0.0991,113.0,0.14
1034,ml,md,1034,False,4.1,10.0,0.1135,240.9,0.15
1035,ml,ml,1035,True,4.0,10.0,0.1392,128.6,0.04
1036,mb,md,1036,False,5.2,10.0,0.1658,125.0,0.0
1037,mb,md,1037,False,4.6,94.0,0.08226,31.0,0.02
1038,mb,ml,1038,False,2.3,25.9,0.2945,165.0,0.08
1039,ml,ml,1039,True,2.6,25.1,0.07827,255.2,0.05
1040,mb,md,1040,False,2.5,25.6,0.2267,109.0,0.01
1041,mb,mb,1041,True,1.95,2.335,0.2289,105.3,0.27
1042,mb,md,1042,False,1.31,7.456,0.1254,152.0,0.08
1043,mb,md,1043,False,1.84,5.534,0.015319999999999999,32.3,0.0
1044,mb,mwc,1044,False,5.5,10.0,0.03007,208.6,0.09
1045,mb,ml,1045,False,0.32,2.097,0.2344,79.8,0.56
1046,mb,mb,1046,True,0.56,1.185,0.1549,50.0,0.09
1047,mb,md,1047,False,1.3,8.3,0.03153,99.0,0.38
1048,mb,md,1048,False,2.54,3.278,0.195,59.0,0.07
1049,mb,ml,1049,False,1.51,4.832,0.020319999999999998,148.1,0.12
1050,mb,md,1050,False,2.9,7.4,0.018119999999999997,98.0,0.13
1051,mb,ml,1051,False,1.96,3.298,0.055560000000000005,95.0,0.09
1052,ml,md,1052,False,0.45,2.763,0.1276,128.0,0.04
1053,mb,md,1053,False,2.5,4.6,0.0234,138.0,0.44
1054,mb,md,1054,False,0.63,16.293,0.02624,134.5,0.06
1055,mb,ml,1055,False,1.6,10.9,0.03543,94.0,0.02
1056,mb,mb,1056,True,2.7,25.7,0.005405,153.0,0.06
1057,mb,md,1057,False,2.1,11.533,0.2511,206.0,0.05
1058,mb,ml,1058,False,0.93,5.7379999999999995,0.006306,217.0,0.05
1059,mb,ml,1059,False,0.8,5.349,0.003604,264.4,0.14
1060,mb,ml,1060,False,4.5,10.0,0.1144,35.0,0.08
1061,mb,ml,1061,False,2.5,21.1,0.009120999999999999,88.0,0.07
1062,mb,md,1062,False,0.93,0.027000000000000003,0.015319999999999999,114.6,0.05
1063,mb,md,1063,False,1.9,109.7,0.013930000000000001,114.7,0.38
1064,mb,ml,1064,False,2.3,25.7,0.016280000000000003,244.3,0.48
1065,mb,md,1065,False,1.22,1.107,0.02398,103.0,0.07
1066,mb,ml,1066,False,0.75,1.2329999999999999,0.006306,91.0,0.69
1067,mb,md,1067,False,3.3,25.7,0.06216,46.7,0.14
1068,mb,md,1068,False,0.8,1.45,0.06396,84.0,0.13
1069,mb,md,1069,False,2.44,9.946,0.05955,115.0,0.06
1070,mb,md,1070,False,2.3,13.3,0.005405,19.6,0.2
1071,mb,md,1071,False,0.91,0.76,0.028689999999999997,171.2,0.99
1072,mb,ml,1072,False,2.8,15.5,0.0045049999999999995,152.0,0.67
1073,mb,md,1073,False,2.5,134.0,0.0045049999999999995,62.2,0.0959
1074,mb,md,1074,False,4.5,10.0,0.027260000000000003,228.3,0.15
1075,mb,ml,1075,False,5.6,10.0,0.0009009,79.0,0.1515
1076,mb,ml,1076,False,2.9,24.9,0.006306,65.0,0.75
1077,mb,mb,1077,True,2.7,15.3,0.133,115.0,0.78
1078,mb,ml,1078,False,2.08,9.945,0.008108,100.2,0.76
1079,mb,md,1079,False,5.1,10.0,0.009009,99.0,0.64
1080,mb,md,1080,False,1.89,7.3229999999999995,0.008108,153.0,0.19
1081,mb,md,1081,False,1.56,7.2139999999999995,0.015319999999999999,105.1,0.44
1082,mb,ml,1082,False,2.62,8.34,0.019819999999999997,158.0,0.21
1083,mb,ml,1083,False,0.98,0.589,0.007206999999999999,84.0,0.14
1084,mb,ml,1084,False,0.98,0.39,0.01261,102.0,0.53
1085,mb,ml,1085,False,3.0,25.6,0.01441,95.8,1.39
1086,ml,md,1086,False,2.1,15.6,0.01171,129.36,0.88
1087,ml,ml,1087,True,1.05,2.421,0.007206999999999999,175.0,0.42
1088,mb,md,1088,False,1.4,4.0680000000000005,0.01441,87.17,0.01
1089,mb,ml,1089,False,0.86,1.39,0.2309,134.6,0.18
1090,ml,ml,1090,True,0.82,3.937,0.008108,201.4,0.7
1091,mb,md,1091,False,2.04,8.362,0.04701,139.1,0.87
1092,ml,md,1092,False,5.3,10.0,0.006306,159.0,0.1695
1093,mb,md,1093,False,0.66,4.498,0.1571,50.0,0.06
1094,mb,mb,1094,True,4.6,18.2,0.0922,107.5,0.98
1095,ml,ml,1095,True,0.75,2.38,0.05385,131.6,0.16
1096,mb,md,1096,False,0.88,2.064,0.007206999999999999,80.0,0.2
1097,mb,ml,1097,False,1.2,14.3,0.0045049999999999995,56.0,0.04
1098,mb,ml,1098,False,2.6,26.8,0.0045049999999999995,57.0,0.04
1099,mb,mwr,1099,False,2.5,27.5,0.01171,115.1,1.2
1100,mb,md,1100,False,2.3,11.1,0.1093,83.1,0.05
1101,mb,ml,1101,False,1.03,9.811,0.17,54.0,0.03
1102,mb,ml,1102,False,1.06,5.867999999999999,0.009009,257.5,0.62
1103,mb,ml,1103,False,0.52,1.249,0.336,229.6,0.81
1104,mb,md,1104,False,3.1,25.5,0.09189,66.0,0.02
1105,mb,mb,1105,True,0.87,1.517,0.09459,274.0,0.09
1106,mb,ml,1106,False,0.4,0.057,0.01171,246.3,0.53
1107,mb,ml,1107,False,0.43,1.182,0.09189,246.2,0.04
1108,mb,ml,1108,False,3.3,54.3,0.07117000000000001,49.0,0.1
1109,mb,mwr,1109,False,1.33,1.534,0.18899999999999997,86.0,0.06
1110,mb,md,1110,False,0.6,13.5,0.469,96.0,0.19
1111,ml,ml,1111,True,0.79,8.914,0.2231,252.0,0.14
1112,mb,md,1112,False,4.4,10.0,0.2233,106.0,0.06
1113,mb,md,1113,False,1.39,17.47,0.02072,147.0,0.05
1114,mb,ml,1114,False,1.13,2.526,0.0045049999999999995,97.3,0.07
1115,mb,md,1115,False,2.44,4.728,0.2348,241.81,0.79
1116,mb,ml,1116,False,2.8,27.8,0.2213,111.3,0.17
1117,mb,ml,1117,False,0.66,2.276,0.003604,265.0,0.42
1118,mb,ml,1118,False,0.58,4.489,0.021480000000000003,343.9,0.9
1119,mb,md,1119,False,3.0,15.2,0.1009,63.3,0.39
1120,mb,md,1120,False,2.8,129.0,0.109,112.6,0.7
1121,mb,ml,1121,False,0.52,0.84,0.009009,152.13,0.49
1122,mb,md,1122,False,3.1,28.1,0.015319999999999999,75.0,0.83
1123,mb,md,1123,False,2.8,25.4,0.23199999999999998,133.7,0.01
1124,mb,md,1124,False,1.14,5.96,0.04512,259.2,0.06
1125,mb,md,1125,False,0.87,2.33,0.052239999999999995,90.0,0.06
1126,mb,md,1126,False,0.28,0.841,0.0009009,78.0,0.02
1127,mb,ml,1127,False,2.38,12.445,0.09279,46.0,0.02
1128,mb,ml,1128,False,1.91,9.899,0.1435,141.0,0.05
1129,mb,md,1129,False,0.52,0.518,0.01351,248.6,0.17
1130,mb,ml,1130,False,1.68,9.594,0.002703,156.0,0.28
1131,mb,md,1131,False,1.5,5.3,0.07758999999999999,109.6,0.09
1132,mb,ml,1132,False,1.01,9.794,0.01441,42.0,0.04
1133,mb,mb,1133,True,3.1,32.4,0.02883,250.0,0.37
1134,mb,md,1134,False,0.2,13.2,0.2277,126.0,1.2
1135,mb,ml,1135,False,1.78,9.869,0.2249,63.3,0.22
1136,mb,mb,1136,True,4.8,13.1,0.2207,67.3,0.33
1137,mb,mb,1137,True,1.7,14.785,0.009009,82.0,0.52
1138,mb,ml,1138,False,1.84,9.51,0.006306,180.0,0.62
1139,mb,md,1139,False,1.13,1.6640000000000001,0.1915,72.9,0.17
1140,mb,ml,1140,False,0.44,8.854,0.1118,129.0,0.62
1141,mb,ml,1141,False,2.7,25.6,0.1162,214.1,0.07
1142,mb,ml,1142,False,2.5,25.4,0.09189,65.5,0.08
1143,mb,md,1143,False,5.0,24.7,0.0045049999999999995,114.3,1.32
1144,ml,ml,1144,True,1.97,0.564,0.01261,93.0,0.12
1145,mb,ml,1145,False,0.43,0.698,0.18600000000000003,231.5,0.0
1146,mb,ml,1146,False,0.88,1.757,0.001802,244.2,0.61
1147,mb,ml,1147,False,0.81,1.594,0.0009009,51.6,1.1
1148,ml,ml,1148,True,1.76,0.488,0.239,243.0,0.05
1149,mb,ml,1149,False,0.24,2.7769999999999997,0.0009009,204.3,0.07
1150,mb,ml,1150,False,2.9,25.6,0.102,41.0,0.03
1151,mb,ml,1151,False,1.34,3.79,0.252,81.0,0.02
1152,mb,md,1152,False,1.88,5.625,0.0344,79.7,0.1
1153,mb,md,1153,False,3.0,25.5,0.009909999999999999,246.1,0.09
1154,mb,ml,1154,False,1.3,2.839,0.003604,70.0,0.19
1155,mb,ml,1155,False,2.7,13.2,0.2469,69.0,0.1
1156,mb,mb,1156,True,2.5,92.3,0.009009,80.0,0.09
1157,mb,md,1157,False,1.5,110.8,0.052610000000000004,114.8,0.19
1158,mb,md,1158,False,1.31,3.6439999999999997,0.01712,134.5,1.04
1159,mb,md,1159,False,2.7,25.7,0.01261,90.6,0.04
1160,ml,ml,1160,True,4.7,10.0,0.04438,230.2,0.88
1161,mb,md,1161,False,1.01,6.05,0.051289999999999995,93.1,0.38
1162,mb,mb,1162,True,0.92,15.527999999999999,0.01182,254.0,0.1
1163,mb,ml,1163,False,0.99,1.305,0.0283,35.5,0.04
1164,mb,ml,1164,False,1.64,9.968,0.01441,231.0,0.05
1165,mb,mh,1165,False,5.0,10.0,0.06377000000000001,229.5,0.14
1166,mb,md,1166,False,4.9,10.0,0.08963,110.0,0.11
1167,mb,ml,1167,False,1.1,12.5,0.015319999999999999,107.0,0.97
1168,mb,md,1168,False,1.02,11.625,0.01622,83.0,0.19
1169,mb,md,1169,False,0.3,14.3,0.04822,132.0,0.43
1170,mb,md,1170,False,1.1,97.1,0.1133,131.0,0.1
1171,mb,md,1171,False,1.5,109.9,0.002703,35.8,0.16
1172,ml,ml,1172,True,3.3,28.0,0.01351,123.4,0.06
1173,mb,ml,1173,False,4.8,7.0,0.1034,49.6,0.01
1174,mb,ml,1174,False,1.9,75.7,0.1064,62.0,0.04
1175,mb,mb,1175,True,3.8,15.9,0.009009,194.0,0.5
1176,mb,md,1176,False,3.1,7.5,0.008108,106.0,0.06
1177,mb,ml,1177,False,5.0,13.5,0.009909999999999999,91.0,0.08
1178,mb,md,1178,False,1.46,14.357999999999999,0.1167,81.0,0.14
1179,ml,ml,1179,True,2.4,25.5,0.02482,61.0,0.03
1180,mb,md,1180,False,3.1,25.8,0.006306,93.4,0.17
1181,mb,mb,1181,True,1.21,3.833,0.008108,236.5,1.15
1182,mb,ml,1182,False,2.5,26.6,0.027030000000000002,85.8,1.3
1183,mb,ml,1183,False,0.55,10.639000000000001,0.1092,255.9,0.15
1184,mb,ml,1184,False,2.6,25.7,0.0756,69.4,0.04
1185,mb,mb,1185,True,3.4,29.7,0.009009,221.89,0.29
1186,ml,ml,1186,True,2.1,94.8,0.02245,264.0,0.32
1187,mb,mb,1187,True,4.3,10.0,0.07658,75.7,0.62
1188,mb,ml,1188,False,3.0,3.3,0.008108,157.0,0.71
1189,mb,ml,1189,False,5.3,106.9,0.02613,254.2,0.53
1190,mb,md,1190,False,1.5,64.1,0.05947,259.2,1.12
1191,mb,mb,1191,True,1.0,2.9530000000000003,0.06486,40.0,0.42
1192,mb,ml,1192,False,1.15,7.723,0.06847,52.7,0.16
1193,mb,md,1193,False,2.5,63.3,0.036610000000000004,49.0,0.1
1194,mb,ml,1194,False,4.5,137.4,0.009909999999999999,52.7,0.11
1195,mb,ml,1195,False,2.1,8.4,0.18100000000000002,138.0,0.05
1196,mb,ml,1196,False,0.7,7.754,0.03063,260.0,0.72
1197,mb,ml,1197,False,5.2,10.0,0.02613,83.2,0.03
1198,mb,ml,1198,False,1.72,4.238,0.028210000000000002,128.0,0.79
1199,mb,mb,1199,True,1.32,8.652999999999999,0.359,258.0,1.13
1200,mb,ml,1200,False,0.18,0.8109999999999999,0.01171,242.6,0.83
1201,mb,md,1201,False,0.37,0.909,0.1404,97.6,0.57
1202,mb,md,1202,False,4.4,10.0,0.01441,121.9,1.23
1203,mb,ml,1203,False,0.52,1.474,0.015319999999999999,44.6,0.26
1204,mb,md,1204,False,2.8,1.9,0.007476000000000001,82.1,0.12
1205,mb,ml,1205,False,0.03,5.321000000000001,0.1054,135.7,0.64
1206,mb,mb,1206,True,2.3,25.8,0.05405,61.6,0.1
1207,mb,md,1207,False,4.6,10.0,0.09279,249.3,0.19
1208,mb,mb,1208,True,0.18,0.28300000000000003,0.0577,82.9,0.29
1209,ml,md,1209,False,1.89,0.82,0.008108,109.0,1.21
1210,mb,ml,1210,False,2.2,25.6,0.1165,25.1,0.09
1211,mb,mb,1211,True,0.54,2.39,0.09279,101.0,0.03
1212,mb,md,1212,False,1.52,2.205,0.1227,129.0,0.09
1213,mb,ml,1213,False,1.51,2.427,0.009909999999999999,258.3,0.1
1214,mb,ml,1214,False,1.79,3.5869999999999997,0.2489,145.0,0.24
1215,mb,ml,1215,False,0.86,8.096,0.01622,81.8,0.5
1216,mb,md,1216,False,0.91,2.635,0.009009,249.1,1.33
1217,mb,mb,1217,True,1.27,1.0490000000000002,0.006306,267.0,0.07
1218,mb,md,1218,False,1.64,0.9990000000000001,0.1341,117.0,0.45
1219,mb,ml,1219,False,4.0,142.1,0.02883,65.6,0.06
1220,mb,ml,1220,False,1.64,8.273,0.09189,191.0,0.03
1221,mb,mb,1221,True,2.3,25.9,0.052270000000000004,155.7,0.75
1222,mb,md,1222,False,4.0,28.9,0.029039999999999996,97.3,0.18
1223,mb,ml,1223,False,4.4,10.0,0.009009,47.9,0.57
1224,mb,ml,1224,False,2.4,25.7,0.01171,130.4,0.46
1225,mb,md,1225,False,3.3,27.0,0.1318,146.0,0.07
1226,ml,md,1226,False,1.7,51.9,0.01712,52.7,0.49
1227,mb,ml,1227,False,3.2,41.6,0.4577,249.3,0.05
1228,mb,mb,1228,True,5.0,15.7,0.009909999999999999,100.3,0.75
1229,mb,mwc,1229,False,4.3,10.0,0.044239999999999995,24.1,0.2
1230,mb,mb,1230,True,0.74,3.34,0.008108,260.0,0.76
1231,mb,ml,1231,False,1.51,3.306,0.007206999999999999,151.5,0.09
1232,mb,mb,1232,True,1.18,3.2560000000000002,0.002703,135.0,0.2
1233,mb,mwc,1233,False,0.9,2.897,0.003604,250.2,1.27
1234,mb,md,1234,False,0.55,1.618,0.07297000000000001,35.0,0.49
1235,mb,md,1235,False,0.59,1.595,0.054000000000000006,53.0,0.15
1236,mb,mb,1236,True,1.1,3.573,0.005405,49.0,0.83
1237,mb,mb,1237,True,2.6,5.7,0.1276,52.7,0.96
1238,ml,mb,1238,False,2.1,22.0,0.008108,81.0,0.05
1239,mb,mb,1239,True,0.7,0.113,0.01081,56.0,0.99
1240,mb,mb,1240,True,0.69,1.534,0.007206999999999999,88.4,0.55
1241,mb,ml,1241,False,1.5,70.8,0.009009,132.0,0.06
1242,mb,ml,1242,False,5.0,10.0,0.008108,77.9,0.11
1243,mb,md,1243,False,1.5,5.709,0.007206999999999999,58.0,0.18
1244,mb,md,1244,False,1.5,90.2,0.008108,104.8,1.27
1245,mb,ml,1245,False,0.4,12.7,0.006306,262.9,0.05
1246,mb,mb,1246,True,1.4,7.4,0.005405,251.8,0.09
1247,mb,mwc,1247,False,1.13,8.88,0.01351,177.0,0.69
1248,mb,ml,1248,False,1.5,14.7,0.01261,149.7,0.17
1249,mb,ml,1249,False,0.45,1.102,0.01171,78.5,0.41
1250,mb,ml,1250,False,0.44,8.373,0.008108,90.5,0.15
1251,mb,ml,1251,False,5.0,54.3,0.01081,114.9,0.12
1252,mb,md,1252,False,0.66,13.357999999999999,0.102,180.9,1.17
1253,mb,md,1253,False,4.3,0.61,0.122,81.3,0.1488
1254,mb,md,1254,False,5.0,10.0,0.1432,74.9,0.02
1255,mb,md,1255,False,0.26,10.0,0.058070000000000004,296.0,0.1649
1256,mb,mb,1256,True,1.58,2.8089999999999997,0.008108,76.4,0.95
1257,mb,ml,1257,False,0.53,1.835,0.015319999999999999,107.7,0.68
1258,mb,ml,1258,False,0.32,0.8690000000000001,0.01622,76.8,1.36
1259,mb,ml,1259,False,0.29,2.215,0.1253,250.0,0.19
1260,mb,ml,1260,False,0.66,10.817,0.009909999999999999,89.9,0.06
1261,mb,md,1261,False,2.48,6.529,0.003604,265.6,1.23
1262,mb,ml,1262,False,1.84,5.172000000000001,0.03153,181.0,0.07
1263,mb,ml,1263,False,2.8,10.446,0.086,174.2,0.09
1264,mb,ml,1264,False,0.8,6.5,0.009009,79.7,0.03
1265,ml,ml,1265,True,1.03,3.113,0.0045049999999999995,88.5,1.09
1266,mb,ml,1266,False,4.3,9.296,0.027530000000000002,251.1,1.05
1267,mb,md,1267,False,0.36,10.0,0.2486,99.0,0.51
1268,mb,ml,1268,False,4.2,0.8959999999999999,0.009009,256.8,0.06
1269,mb,ml,1269,False,5.0,5.1,0.02883,97.7,0.07
1270,mb,ml,1270,False,1.83,9.1,0.007206999999999999,67.3,0.17
1271,mb,mb,1271,True,1.39,11.561,0.01081,169.4,0.38
1272,mb,mb,1272,True,0.47,9.39,0.1207,257.9,0.16
1273,mb,ml,1273,False,1.1,4.187,0.06015,122.7,0.06
1274,mb,ml,1274,False,1.45,3.41,0.01622,37.3,0.07
1275,mb,mb,1275,True,4.6,9.532,0.050230000000000004,57.0,0.25
1276,mb,md,1276,False,2.6,10.0,0.2009,123.6,0.02
1277,mb,ml,1277,False,1.52,40.8,0.01081,68.0,0.54
1278,mb,md,1278,False,1.6,9.332,0.01351,42.1,1.2
1279,mb,md,1279,False,1.71,45.3,0.015319999999999999,71.4,0.0067
1280,mb,ml,1280,False,1.27,0.9890000000000001,0.015319999999999999,65.0,1.26
1281,mb,ml,1281,False,0.05,8.122,0.02882,67.3,0.26
1282,mb,ml,1282,False,0.49,6.279,0.03063,76.4,1.0
1283,mb,ml,1283,False,0.56,3.187,0.02793,221.6,0.1198
1284,ml,ml,1284,True,1.1,4.923,0.1112,255.2,0.52
1285,mb,ml,1285,False,0.74,11.0,0.01648,141.7,0.12
1286,mb,ml,1286,False,1.05,1.59,0.03274,214.1,0.71
1287,mb,md,1287,False,2.86,1.365,0.030369999999999998,65.0,0.12
1288,mb,md,1288,False,0.88,3.165,0.02022,59.8,0.73
1289,mb,ml,1289,False,1.39,4.678,0.1354,240.0,0.55
1290,mb,md,1290,False,4.4,7.029,0.030719999999999997,253.8,0.23
1291,mb,md,1291,False,4.1,47.7,0.009909999999999999,245.2,1.11
1292,mb,ml,1292,False,0.68,10.0,0.02162,62.8,0.06
1293,mb,ml,1293,False,0.19,0.696,0.01351,161.7,0.01
1294,mb,mh,1294,False,0.8,2.476,0.002703,38.0,0.19
1295,mb,ml,1295,False,3.0,13.5,0.01524,216.4,0.99
1296,mb,ml,1296,False,1.4,26.0,0.036930000000000004,114.7,0.15
1297,mb,ml,1297,False,2.0,45.4,0.01261,97.6,0.51
1298,mb,ml,1298,False,4.1,4.5,0.20199999999999999,247.7,0.06
1299,mb,mb,1299,True,2.7,46.6,0.001802,169.0,0.11
1300,mb,ml,1300,False,4.2,81.3,0.292,256.9,1.1
1301,mb,md,1301,False,1.1,10.0,0.1937,97.5,0.61
1302,mb,md,1302,False,2.52,16.7,0.01622,193.3,0.62
1303,ml,ml,1303,True,0.5,3.19,0.01171,162.9,0.05
1304,mb,ml,1304,False,0.6,3.409,0.08388,206.0,0.21
1305,mb,ml,1305,False,2.6,13.2,0.1885,226.0,0.83
1306,mb,md,1306,False,0.47,20.0,0.02511,79.0,0.48
1307,mb,mwr,1307,False,4.6,0.7170000000000001,0.1132,56.8,0.06
1308,mb,ml,1308,False,0.5,10.0,0.03874,97.3,0.62
1309,mb,md,1309,False,2.6,1.929,0.04225,134.0,0.79
1310,mb,md,1310,False,5.5,57.6,0.295,97.5,0.64
1311,mb,ml,1311,False,3.7,10.0,0.188,128.0,0.5
1312,mb,mwb,1312,False,1.5,33.6,0.015080000000000001,140.5,0.79
1313,mb,md,1313,False,1.8,10.0,0.03694,181.3,0.22
1314,mb,ml,1314,False,4.3,98.0,0.005405,210.4,0.81
1315,mb,ml,1315,False,1.4,10.0,0.03818,93.8,0.06
1316,mb,ml,1316,False,1.26,37.5,0.027960000000000002,44.0,0.22
1317,mb,ml,1317,False,1.4,15.192,0.009909999999999999,99.0,0.89
1318,mb,md,1318,False,0.6,75.7,0.09618,94.1,0.08
1319,mb,ml,1319,False,1.66,3.207,0.03063,236.0,0.04
1320,mb,ml,1320,False,0.3,4.127,0.2919,224.0,0.15
1321,mb,ml,1321,False,4.4,5.0,0.192,108.0,0.88
1322,mb,md,1322,False,1.85,10.0,0.33799999999999997,54.9,0.74
1323,mb,md,1323,False,0.11,9.346,0.001802,153.3,0.7
1324,mb,mb,1324,True,0.56,0.304,0.015319999999999999,36.0,0.1
1325,mb,ml,1325,False,0.69,0.7040000000000001,0.01712,110.3,0.85
1326,mb,md,1326,False,1.4,0.8240000000000001,0.0045049999999999995,32.2,0.23
1327,mb,ml,1327,False,1.4,44.6,0.01081,78.2,0.01
1328,mb,ml,1328,False,4.4,17.3,0.01351,93.0,0.04
1329,mb,ml,1329,False,0.7,10.0,0.01712,152.5,0.04
1330,mb,md,1330,False,2.4,0.843,0.005405,97.1,0.02
1331,ml,md,1331,False,0.32,25.6,0.01351,78.0,0.02
1332,mb,mb,1332,True,0.4,0.446,0.027030000000000002,110.1,0.25
1333,mb,md,1333,False,1.0,3.577,0.1766,81.4,1.03
1334,mb,md,1334,False,2.36,14.6,0.01171,73.0,0.82
1335,mb,md,1335,False,1.7,1.673,0.025230000000000002,76.7,0.87
1336,mb,md,1336,False,2.4,1.3,0.009909999999999999,105.0,1.12
1337,mb,md,1337,False,2.7,7.2,0.029419999999999998,67.3,0.1
1338,mb,ml,1338,False,1.4,44.7,0.02883,97.4,0.21
1339,mb,md,1339,False,1.4,3.286,0.06937,78.4,0.08
1340,mb,ml,1340,False,0.56,37.9,0.027030000000000002,205.9,0.05
1341,mb,ml,1341,False,4.3,0.831,0.011090000000000001,51.6,0.09
1342,mb,ml,1342,False,1.2,10.0,0.009909999999999999,97.4,0.06
1343,mb,md,1343,False,4.6,31.2,0.08632000000000001,64.6,1.34
1344,mb,ml,1344,False,2.8,10.0,0.009346,273.5,0.79
1345,mb,ml,1345,False,0.86,33.7,0.039639999999999995,224.3,0.1589
1346,mb,md,1346,False,1.8,6.5889999999999995,0.02793,52.0,0.28
1347,mb,ml,1347,False,4.7,5.074,0.007206999999999999,77.7,0.85
1348,mb,ml,1348,False,1.3,149.6,0.04375,48.1,0.03
1349,mb,md,1349,False,0.73,16.3,0.01735,110.0,0.53
1350,mb,md,1350,False,2.1,11.007,0.09412000000000001,93.0,0.07
1351,mb,ml,1351,False,4.2,7.9,0.008108,146.0,1.11
1352,mb,ml,1352,False,3.2,10.0,0.009909999999999999,151.3,0.33
1353,mb,ml,1353,False,3.6,10.8,0.10400000000000001,99.5,0.19
1354,mb,ml,1354,False,0.54,39.4,0.053860000000000005,139.1,0.65
1355,mb,ml,1355,False,4.3,0.746,0.05315,134.2,1.21
1356,mb,ml,1356,False,1.4,2.6,0.007206999999999999,77.0,0.19
1357,mb,ml,1357,False,3.2,7.0,0.051539999999999996,119.8,0.43
1358,mb,mb,1358,True,1.02,31.3,0.006306,97.0,0.07
1359,mb,ml,1359,False,2.83,6.693,0.01081,78.3,0.97
1360,mb,mb,1360,True,4.0,7.815,0.07927999999999999,274.0,0.04
1361,mb,md,1361,False,4.6,10.0,0.0045049999999999995,72.9,0.08
1362,mb,md,1362,False,0.53,10.0,0.0973,114.8,0.98
1363,mb,ml,1363,False,0.5,2.456,0.06172999999999999,105.4,0.46
1364,mb,ml,1364,False,4.3,0.28300000000000003,0.009009,84.4,0.9
1365,mb,md,1365,False,1.85,10.0,0.008108,105.6,1.02
1366,mb,md,1366,False,2.1,4.828,0.0166,76.1,0.76
1367,mb,md,1367,False,1.45,124.9,0.331,44.7,0.93
1368,mb,md,1368,False,0.91,6.682,0.01171,115.1,0.69
1369,mb,ml,1369,False,4.5,7.249,0.1297,131.2,0.72
1370,mb,md,1370,False,1.5,10.0,0.0045049999999999995,25.4,0.05
1371,mb,md,1371,False,0.43,6.2,0.10300000000000001,113.0,0.65
1372,mb,mb,1372,True,0.9,1.345,0.01081,220.0,0.93
1373,mb,ml,1373,False,4.5,0.5,0.08739,76.4,0.12
1374,mb,ml,1374,False,4.3,27.1,0.009009,143.2,0.02
1375,mb,ml,1375,False,4.6,10.0,0.01712,67.0,0.09
1376,mb,ml,1376,False,0.59,10.0,0.01171,109.9,0.56
1377,mb,md,1377,False,1.7,0.762,0.03977,12.0,0.83
1378,mb,ml,1378,False,4.6,0.769,0.07677,143.2,1.13
1379,mb,md,1379,False,4.4,205.1,0.319,132.0,0.06
1380,mb,md,1380,False,0.94,10.0,0.015319999999999999,98.0,0.04
1381,mb,md,1381,False,1.4,1.483,0.009009,26.0,1.03
1382,mb,mb,1382,True,0.26,6.55,0.02883,116.0,0.02
1383,mb,ml,1383,False,4.4,1.719,0.1044,333.0,0.85
1384,mb,ml,1384,False,5.0,10.0,0.02072,186.7,1.05
1385,mb,md,1385,False,2.4,10.0,0.01171,62.0,0.97
1386,mb,ml,1386,False,1.24,41.5,0.018019999999999998,143.0,0.86
1387,mb,mwr,1387,False,3.0,1.6219999999999999,0.01081,105.1,0.01
1388,mb,md,1388,False,3.4,32.5,0.01171,117.4,0.9
1389,mb,ml,1389,False,0.4,26.3,0.009909999999999999,114.9,0.56
1390,mb,ml,1390,False,0.97,13.1,0.024319999999999998,61.8,0.73
1391,ml,ml,1391,True,1.7,11.024000000000001,0.02252,163.0,0.9
1392,mb,ml,1392,False,1.74,76.1,0.01261,35.9,0.41
1393,mb,ml,1393,False,3.1,3.634,0.02059,243.0,0.58
1394,mb,ml,1394,False,3.2,25.1,0.01694,97.0,0.64
1395,mb,ml,1395,False,1.18,25.7,0.036039999999999996,62.0,0.42
1396,mb,ml,1396,False,0.95,2.57,0.06037000000000001,65.0,0.0
1397,mb,ml,1397,False,1.49,0.998,0.0175,108.0,0.48
1398,mb,ml,1398,False,2.8,3.45,0.013019999999999999,88.0,0.06
1399,mb,ml,1399,False,5.3,26.1,0.01171,68.0,0.08
1400,mb,mh,1400,False,0.46,19.2,0.01171,125.0,0.95
1401,mb,ml,1401,False,0.9,1.8090000000000002,0.035,118.0,1.02
1402,mb,ml,1402,False,4.8,8.6,0.01351,163.1,0.5
1403,mb,md,1403,False,0.6,10.0,0.009909999999999999,183.8,0.12
1404,mb,ml,1404,False,4.6,13.3,0.01081,127.0,0.85
1405,ml,ml,1405,True,2.45,10.0,0.01081,98.0,1.47
1406,mb,md,1406,False,2.6,7.309,0.01261,214.0,0.16
1407,mb,ml,1407,False,4.9,15.5,0.01081,76.0,0.91
1408,mb,mb,1408,True,4.4,30.6,0.01441,80.4,0.04
1409,mb,ml,1409,False,1.4,10.1,0.01622,175.0,0.54
1410,mb,ml,1410,False,1.3,0.0,0.01081,81.0,0.95
1411,ml,md,1411,False,0.53,21.3,0.01081,117.3,0.35
1412,mb,ml,1412,False,1.5,7.8020000000000005,0.008108,114.5,0.0
1413,mb,md,1413,False,4.4,3.9,0.001802,313.0,0.74
1414,mb,md,1414,False,2.6,1.9,0.003604,146.4,1.3
1415,ml,ml,1415,True,0.86,25.6,0.01081,64.0,0.66
1416,mb,md,1416,False,1.1,8.9,0.001802,55.7,0.47
1417,mb,md,1417,False,1.5,1.3,0.02974,45.1,0.7
1418,mb,md,1418,False,1.8,69.0,0.028069999999999998,339.77,0.61
1419,mb,ml,1419,False,5.3,117.3,0.182,58.0,0.16
1420,mb,md,1420,False,1.73,10.0,0.06217,66.0,0.49
1421,mb,md,1421,False,0.69,2.798,0.06736,245.0,0.62
1422,mb,md,1422,False,3.0,1.5290000000000001,0.16399999999999998,82.0,0.53
1423,mb,ml,1423,False,2.06,27.1,0.009798000000000001,57.1,0.87
1424,mb,ml,1424,False,5.2,10.527999999999999,0.01081,87.0,0.56
1425,mb,ml,1425,False,1.45,10.0,0.01261,153.7,0.95
1426,mb,ml,1426,False,2.4,6.059,0.01261,188.0,0.33
1427,mb,md,1427,False,0.42,67.9,0.19399999999999998,59.8,0.5
1428,ml,ml,1428,True,0.95,0.7070000000000001,0.008108,153.4,0.08
1429,mb,ml,1429,False,4.8,4.135,0.0973,105.2,0.78
1430,mb,md,1430,False,4.4,10.0,0.2322,122.6,0.96
1431,mb,ml,1431,False,1.7,10.0,0.2418,105.4,0.18
1432,mb,md,1432,False,0.82,7.8,0.2164,104.3,0.71
1433,mb,ml,1433,False,0.87,1.588,0.05405,73.0,0.42
1434,ml,md,1434,False,5.3,9.941,0.06318,72.0,0.79
1435,mb,ml,1435,False,2.4,10.0,0.06306,71.0,0.73
1436,mb,md,1436,False,0.55,40.8,0.306,76.6,0.62
1437,mb,ml,1437,False,3.0,4.489,0.24,113.0,0.04
1438,mb,ml,1438,False,4.8,18.1,0.009009,138.7,0.4
1439,mb,mwc,1439,False,4.2,251.3,0.009009,37.5,0.06
1440,mb,md,1440,False,4.4,10.0,0.3118,77.0,0.86
1441,mb,md,1441,False,1.3,10.0,0.0045049999999999995,202.9,0.38
1442,mb,ml,1442,False,2.5,32.9,0.003604,69.0,1.28
1443,mb,md,1443,False,3.0,90.4,0.002703,117.74,0.21
1444,mb,ml,1444,False,5.0,41.8,0.047580000000000004,163.7,0.68
1445,mb,md,1445,False,2.4,10.0,0.024319999999999998,198.0,0.53
1446,mb,ml,1446,False,2.8,15.9,0.005405,93.0,0.52
1447,mb,md,1447,False,2.6,65.9,0.05135,105.4,1.12
1448,mb,ml,1448,False,3.5,4.5,0.007206999999999999,147.0,0.69
1449,mb,md,1449,False,1.15,32.7,0.009909999999999999,44.1,1.09
1450,mb,md,1450,False,0.94,1.62,0.003604,94.1,0.2
1451,mb,mb,1451,True,4.9,7.763999999999999,0.009009,100.0,1.47
1452,mb,md,1452,False,3.0,10.0,0.009909999999999999,264.1,0.08
1453,ml,md,1453,False,0.78,31.3,0.021730000000000003,96.0,1.05
1454,mb,md,1454,False,0.33,0.524,0.03333,89.0,1.09
1455,mb,md,1455,False,0.98,1.304,0.008108,80.1,0.06
1456,mb,md,1456,False,4.2,13.868,0.03333,212.5,1.05
1457,mb,ml,1457,False,4.4,10.0,0.028999999999999998,108.0,1.01
1458,mb,ml,1458,False,5.2,25.0,0.141,177.94,1.42
1459,ml,ml,1459,True,4.6,34.0,0.039639999999999995,71.0,0.55
1460,mb,md,1460,False,4.6,94.9,0.023180000000000003,100.0,0.13
1461,mb,ml,1461,False,2.29,10.0,0.019819999999999997,36.0,1.06
1462,mb,md,1462,False,5.4,14.515999999999998,0.231,92.0,0.71
1463,mb,md,1463,False,1.23,10.0,0.019819999999999997,211.7,0.85
1464,mb,mb,1464,True,2.5,4.926,0.01081,106.0,1.23
1465,ml,ml,1465,True,0.46,26.1,0.1113,248.3,0.31
1466,mb,mb,1466,True,0.07,1.4780000000000002,0.08,77.0,0.17
1467,mb,md,1467,False,1.95,1.382,0.034230000000000003,193.7,0.09
1468,mb,ml,1468,False,1.63,2.164,0.02885,93.0,0.26
1469,mb,ml,1469,False,0.43,3.077,0.1608,93.1,0.07
1470,mb,md,1470,False,2.1,1.034,0.2314,70.0,1.03
1471,mb,ml,1471,False,4.6,65.8,0.006306,97.0,1.31
1472,mb,ml,1472,False,4.2,12.1,0.09068999999999999,103.4,1.16
1473,mb,md,1473,False,1.9,55.0,0.04795,73.0,1.09
1474,ml,ml,1474,True,4.3,6.9,0.132,29.0,0.06
1475,mb,ml,1475,False,0.89,10.0,0.01081,103.9,1.0
1476,mb,ml,1476,False,1.42,3.299,0.17,87.2,0.94
1477,mb,md,1477,False,0.28,5.525,0.003604,339.02,1.02
1478,mb,ml,1478,False,0.32,2.1430000000000002,0.03986,107.0,0.49
1479,mb,ml,1479,False,1.27,2.91,0.1337,100.0,0.14
1480,mb,mb,1480,True,0.94,2.21,0.08719,123.4,0.5
1481,mb,mwr,1481,False,4.0,2.918,0.008108,35.0,1.07
1482,mb,ml,1482,False,3.4,18.0,0.01441,122.8,0.95
1483,ml,mb,1483,False,4.5,32.2,0.1989,59.0,0.18
1484,mb,ml,1484,False,3.0,10.0,0.06914,293.14,0.13
1485,mb,md,1485,False,3.9,29.9,0.1478,262.0,0.13
1486,mb,ml,1486,False,1.9,4.1,0.28300000000000003,114.8,1.47
1487,mb,md,1487,False,2.5,0.0,0.019819999999999997,94.0,1.04
1488,mb,ml,1488,False,1.3,25.7,0.01171,236.0,0.68
1489,mb,ml,1489,False,4.3,9.3,0.0665,159.3,0.07
1490,mb,mb,1490,True,0.35,24.8,0.0465,149.3,1.59
1491,mb,ml,1491,False,3.1,1.3319999999999999,0.2321,35.4,0.71
1492,mb,ml,1492,False,2.7,25.6,0.01712,78.0,1.42
1493,mb,md,1493,False,1.8,46.1,0.08198,70.0,0.13
1494,mb,ml,1494,False,1.89,54.5,0.2255,113.0,0.55
1495,mb,ml,1495,False,4.8,3.02,0.009909999999999999,98.0,1.17
1496,ml,ml,1496,True,2.7,10.0,0.01081,79.0,1.14
1497,mb,md,1497,False,1.85,61.5,0.02504,94.0,0.06
1498,mb,md,1498,False,0.7,5.379,0.008108,255.0,1.67
1499,mb,md,1499,False,4.5,8.7,0.2258,14.4,1.29
1500,mb,ml,1500,False,1.02,10.0,0.01441,61.4,0.23
1501,mb,ml,1501,False,1.3,0.588,0.059620000000000006,251.9,1.28
1502,mb,ml,1502,False,0.2,23.7,0.01712,96.0,0.04
1503,mb,ml,1503,False,4.7,9.666,0.009009,66.4,0.87
1504,mb,mb,1504,True,0.22,10.0,0.1263,314.47,1.29
1505,mb,ml,1505,False,2.25,3.08,0.07335,131.0,1.12
1506,mb,md,1506,False,2.9,0.11900000000000001,0.027030000000000002,126.0,1.02
1507,mb,ml,1507,False,4.7,25.7,0.009909999999999999,271.24,1.07
1508,mb,ml,1508,False,2.1,10.0,0.009909999999999999,115.1,0.95
1509,mb,md,1509,False,4.4,26.0,0.015319999999999999,76.0,0.91
1510,mb,ml,1510,False,4.5,26.1,0.08918999999999999,33.0,0.97
1511,mb,mb,1511,True,4.4,10.0,0.08288,125.0,1.16
1512,mb,ml,1512,False,4.5,10.0,0.08739,98.5,0.12
1513,mb,ml,1513,False,3.9,10.0,0.0274,60.0,0.12
1514,mb,ml,1514,False,2.6,8.0,0.006306,35.0,0.21
1515,mb,mb,1515,True,4.8,26.8,0.009909999999999999,28.8,1.03
1516,mb,ml,1516,False,0.89,10.0,0.1519,128.0,0.74
1517,mb,ml,1517,False,2.1,1.31,0.149,93.4,1.03
1518,mb,ml,1518,False,6.0,29.4,0.003604,121.0,1.28
1519,mb,ml,1519,False,2.11,13.0,0.015319999999999999,91.2,0.89
1520,mb,ml,1520,False,0.97,24.615,0.007206999999999999,123.5,0.83
1521,mb,mb,1521,True,2.7,10.211,0.01171,35.6,1.09
1522,mb,md,1522,False,1.65,65.6,0.198,121.4,1.1
1523,mb,ml,1523,False,1.9,0.253,0.060360000000000004,184.5,0.25
1524,ml,ml,1524,True,1.3,103.3,0.115,115.4,0.82
1525,mb,ml,1525,False,4.6,9.8,0.01351,102.7,0.81
1526,mb,ml,1526,False,2.8,10.0,0.008108,42.0,0.78
1527,ml,ml,1527,True,0.92,27.4,0.008108,122.0,1.06
1528,mb,md,1528,False,0.8,4.303999999999999,0.005405,127.4,0.99
1529,mb,ml,1529,False,4.6,5.062,0.006306,153.7,0.86
1530,ml,ml,1530,True,0.06,10.0,0.11,212.8,0.98
1531,mb,ml,1531,False,4.6,1.3840000000000001,0.006306,173.0,0.81
1532,mb,md,1532,False,4.7,10.0,0.01081,63.0,0.78
1533,mb,ml,1533,False,4.2,10.0,0.007206999999999999,128.5,1.16
1534,mb,ml,1534,False,4.4,10.0,0.029539999999999997,149.06,1.18
1535,mb,ml,1535,False,0.19,10.0,0.01622,177.0,0.08
1536,mb,mb,1536,True,4.8,1.081,0.003604,162.2,1.26
1537,mb,md,1537,False,4.7,10.0,0.05325,174.0,1.28
1538,mb,md,1538,False,3.9,10.0,0.01171,194.0,0.14
1539,ml,ml,1539,True,5.3,5.7,0.228,48.4,1.17
1540,mb,ml,1540,False,1.77,10.0,0.01622,37.0,0.87
1541,mb,mwr,1541,False,4.2,14.929,0.08792,202.0,1.17
1542,mb,ml,1542,False,2.1,10.0,0.1597,218.0,0.76
1543,mb,ml,1543,False,1.8,118.2,0.01351,40.0,0.13
1544,mb,md,1544,False,0.69,98.2,0.018019999999999998,306.0,0.79
1545,mb,ml,1545,False,2.8,0.722,0.1111,59.0,0.07
1546,mb,md,1546,False,2.3,25.7,0.07400000000000001,128.6,0.08
1547,mb,ml,1547,False,1.45,45.4,0.05346,94.0,1.03
1548,mb,mwc,1548,False,0.79,1.499,0.01261,123.0,0.44
1549,mb,md,1549,False,5.1,1.032,0.007206999999999999,72.9,0.26
1550,mb,md,1550,False,5.0,10.0,0.028030000000000003,206.0,0.23
1551,mb,mb,1551,True,1.4,10.0,0.03009,130.0,1.05
1552,mb,ml,1552,False,1.7,18.4,0.009009,105.5,0.02
1553,mb,ml,1553,False,5.0,13.713,0.02891,44.5,1.08
1554,mb,mwc,1554,False,4.9,10.0,0.005405,59.0,0.88
1555,mb,ml,1555,False,0.87,10.0,0.009009,106.0,0.69
1556,mb,mh,1556,False,4.2,1.14,0.06577000000000001,102.0,0.39
1557,mb,md,1557,False,0.22,10.3,0.0306,94.0,0.75
1558,mb,ml,1558,False,2.3,1.246,0.02713,70.0,0.34
1559,ml,ml,1559,True,4.5,38.1,0.08599,100.0,1.06
1560,mb,ml,1560,False,2.9,11.2,0.01081,105.4,0.37
1561,mb,md,1561,False,1.6,29.8,0.04865,92.0,0.01
1562,mb,mwc,1562,False,2.7,6.0,0.05405,97.3,0.08
1563,mb,ml,1563,False,0.9,37.0,0.009909999999999999,39.7,0.14
1564,mb,ml,1564,False,4.5,5.398,0.05586,163.2,0.06
1565,mb,ml,1565,False,5.1,10.0,0.04955,201.9,0.42
1566,mb,md,1566,False,4.5,10.0,0.009009,167.0,0.05
1567,mb,md,1567,False,4.2,3.2,0.243,211.26,0.73
1568,mb,md,1568,False,4.3,11.3,0.01171,200.9,0.04
1569,ml,md,1569,False,4.4,33.5,0.05225,72.0,0.05
1570,mb,md,1570,False,4.1,10.0,0.01171,146.0,0.1
1571,mb,ml,1571,False,2.41,10.0,0.008108,79.0,0.22
1572,mb,ml,1572,False,2.4,9.919,0.054720000000000005,141.0,0.65
1573,mb,md,1573,False,2.5,61.4,0.01171,94.0,0.06
1574,mb,ml,1574,False,4.3,33.2,0.01171,103.2,0.39
1575,ml,md,1575,False,4.1,10.0,0.111,98.5,0.09
1576,mb,md,1576,False,1.1,81.3,0.009009,129.6,0.13
1577,mb,md,1577,False,5.0,4.3,0.02162,65.0,0.05
1578,mb,ml,1578,False,2.06,23.8,0.005405,101.0,0.77
1579,mb,m,1579,False,4.4,9.724,0.002703,105.3,0.04
1580,mb,ml,1580,False,3.0,18.7,0.04502,132.0,0.06
1581,ml,ml,1581,True,2.4,25.8,0.01081,153.2,0.97
1582,mb,ml,1582,False,4.4,5.452000000000001,0.0045049999999999995,73.0,0.95
1583,ml,ml,1583,True,5.2,10.0,0.009009,105.4,0.01
1584,ml,ml,1584,True,4.2,10.0,0.1906,68.0,0.41
1585,mb,md,1585,False,2.7,43.6,0.04083,127.0,0.92
1586,ml,ml,1586,True,0.19,61.5,0.262,67.0,0.03
1587,mb,md,1587,False,2.6,14.888,0.006306,223.0,0.79
1588,mb,ml,1588,False,4.6,41.3,0.007206999999999999,132.0,0.73
1589,mb,ml,1589,False,4.4,10.0,0.03695,111.0,0.25
1590,ml,ml,1590,True,4.6,10.0,0.05217,92.0,0.6719
1591,mb,ml,1591,False,2.5,12.0,0.04133,129.9,0.11
1592,mb,ml,1592,False,4.3,57.2,0.009909999999999999,87.0,0.09
1593,ml,md,1593,False,4.7,10.0,0.3378,58.6,0.04
1594,mb,ml,1594,False,2.4,10.0,0.1286,178.0,0.16
1595,mb,md,1595,False,0.5,44.8,0.0443,139.0,1.02
1596,mb,ml,1596,False,1.7,1.669,0.009009,99.0,0.03
1597,mb,ml,1597,False,4.5,33.2,0.046939999999999996,53.0,0.6
1598,mb,md,1598,False,1.31,5.0,0.09052,129.0,0.19
1599,mb,md,1599,False,5.1,4.559,0.003604,121.0,0.98
1600,mb,ml,1600,False,2.4,74.9,0.08829,71.3,0.67
1601,mb,ml,1601,False,4.3,25.8,0.136,92.0,0.86
1602,mb,md,1602,False,1.3,10.0,0.2345,134.0,0.65
1603,mb,ml,1603,False,4.2,10.221,0.2281,235.6,1.13
1604,mb,md,1604,False,2.4,28.0,0.0045049999999999995,99.4,0.94
1605,mb,ml,1605,False,2.4,26.0,0.007206999999999999,101.6,0.84
1606,mb,md,1606,False,4.6,54.0,0.01351,124.5,0.03
1607,mb,mb,1607,True,1.2,10.0,0.04243,52.0,0.04
1608,mb,md,1608,False,3.2,8.5,0.03333,60.0,0.04
1609,mb,ml,1609,False,2.6,56.3,0.02883,33.0,0.84
1610,mb,md,1610,False,4.6,56.0,0.01057,105.2,0.65
1611,mb,m,1611,False,3.2,10.0,0.01171,127.0,0.38
1612,mb,ml,1612,False,2.01,25.6,0.009009,162.0,0.18
1613,mb,ml,1613,False,4.5,6.473,0.01351,201.0,0.15
1614,mb,mb,1614,True,0.1,10.0,0.1018,62.0,1.14
1615,ml,mb,1615,False,2.5,4.322,0.015319999999999999,105.1,0.04
1616,mb,mwb,1616,False,3.1,51.8,0.008108,114.8,0.08
1617,mb,md,1617,False,5.4,19.1,0.015319999999999999,105.6,0.0885
1618,mb,md,1618,False,4.7,10.0,0.02385,106.3,1.27
1619,mb,ml,1619,False,1.1,10.0,0.028310000000000002,114.7,0.13
1620,mb,ml,1620,False,4.4,2.7060000000000004,0.006306,125.0,0.09
1621,mb,ml,1621,False,4.6,10.0,0.04701,131.0,0.87
1622,ml,ml,1622,True,4.4,10.0,0.0368,57.3,0.4
1623,mb,md,1623,False,2.4,10.0,0.1782,101.0,0.18
1624,mb,md,1624,False,2.7,52.4,0.04509,150.0,1.01
1625,mb,ml,1625,False,1.42,40.6,0.01427,133.0,1.33
1626,mb,md,1626,False,3.0,5.377999999999999,0.2008,134.0,0.38
1627,mb,md,1627,False,5.6,25.8,0.005405,137.9,0.04
1628,mb,md,1628,False,2.4,10.0,0.2485,315.82,0.11
1629,ml,ml,1629,True,4.1,4.8,0.01712,65.0,0.15
1630,mb,md,1630,False,4.4,10.0,0.01261,104.1,0.82
1631,mb,mb,1631,True,2.1,10.0,0.07063,265.3,0.81
1632,mb,ml,1632,False,1.4,42.4,0.07686,50.0,0.84
1633,mb,ml,1633,False,1.18,5.462999999999999,0.01081,115.0,0.47
